SALE TYPE,SOLD DATE,PROPERTY TYPE,ADDRESS,CITY,STATE OR PROVINCE,ZIP OR POSTAL CODE,PRICE,BEDS,BATHS,LOCATION,SQUARE FEET,LOT SIZE,YEAR BUILT,DAYS ON MARKET,$/SQUARE FEET,HOA/MONTH,STATUS,NEXT OPEN HOUSE START TIME,NEXT OPEN HOUSE END TIME,URL (SEE https://www.redfin.com/buy-a-home/comparative-market-analysis FOR INFO ON PRICING),SOURCE,MLS#,FAVORITE,INTERESTED,LATITUDE,LONGITUDE
MLS Listing,,Condo/Co-op,3330 Caminito Eastbluff #149,La Jolla,CA,92037,1150000,3,2.5,La Jolla,1707,155945,1978,13,674,495,Active,,,https://www.redfin.com/CA/La-Jolla/3330-Caminito-Eastbluff-92037/unit-149/home/4884064,SDMLS,220022531,N,Y,32.8586874,-117.2316247
MLS Listing,,Single Family Residential,5640 Dugan Ave,La Mesa,CA,91942,759000,3,2.0,La Mesa,1018,6100,1958,27,746,,Active,,,https://www.redfin.com/CA/La-Mesa/5640-Dugan-Ave-91942/home/5603576,SDMLS,220021439,N,Y,32.7809823,-117.0201593
MLS Listing,,Townhouse,3422 Via Alicante,La Jolla,CA,92037,829900,2,2.5,La Jolla,1140,,1975,40,728,509,Active,,,https://www.redfin.com/CA/La-Jolla/3422-Via-Alicante-92037/home/4865706,SDMLS,220020482,N,Y,32.861255,-117.231921
MLS Listing,,Condo/Co-op,8437 Via Mallorca #85,La Jolla,CA,92037,875000,2,2.5,La Jolla,1074,103585,1977,42,815,400,Active,,,https://www.redfin.com/CA/La-Jolla/8437-Via-Mallorca-92037/unit-85/home/4882378,SDMLS,220020168,N,Y,32.859532,-117.233455
MLS Listing,,Single Family Residential,11393 Turtleback Ln,San Diego,CA,92127,1195000,4,3.0,Rancho Bernardo,2284,10259,1981,48,523,107,Active,,,https://www.redfin.com/CA/San-Diego/11393-Turtleback-Ln-92127/home/4623950,SDMLS,220019616,N,Y,33.0094742,-117.0836603
MLS Listing,,Condo/Co-op,3056 Via Alicante Unit M,La Jolla,CA,92037,579000,1,1.0,La Jolla,504,98435,1972,82,1149,300,Active,,,https://www.redfin.com/CA/La-Jolla/3056-Via-Alicante-92037/unit-M/home/4885684,SDMLS,220016258,N,Y,32.8624729,-117.2358693
MLS Listing,,Single Family Residential,11510 Duenda Rd,San Diego,CA,92127,1195000,3,2.0,Rancho Bernardo,1878,6700,2009,1,636,42,Active,September-16-2022 04:00 PM,September-16-2022 06:00 PM,https://www.redfin.com/CA/San-Diego/11510-Duenda-Rd-92127/home/6262888,SDMLS,220023540,N,Y,33.0344713,-117.0817756
MLS Listing,,Townhouse,8127 Caminito Sonoma,La Jolla,CA,92037,1095000,3,2.5,La Jolla,1416,,1978,1,773,380,Active,September-17-2022 12:00 PM,September-17-2022 04:00 PM,https://www.redfin.com/CA/La-Jolla/8127-Caminito-Sonoma-92037/home/4883241,SDMLS,220023504,N,Y,32.8539168,-117.2335453
MLS Listing,,Single Family Residential,8025 Entrada De Luz E,San Diego,CA,92127,4850000,4,4.5,Santaluz,5592,25700,2006,1,867,550,Active,,,https://www.redfin.com/CA/San-Diego/8025-Entrada-De-Luz-E-92127/home/7463923,SDMLS,220023485,N,Y,32.9893356,-117.1409518
MLS Listing,,Single Family Residential,7911 El Paseo Grande,La Jolla,CA,92037,4750000,5,5.5,La Jolla,3624,,2002,1,1311,,Active,,,https://www.redfin.com/CA/La-Jolla/7911-El-Paseo-Grande-92037/home/4878125,SDMLS,220023477,N,Y,32.8517548,-117.2557851
MLS Listing,,Single Family Residential,15992 Sarah Ridge Ct,San Diego,CA,92127,2599000,5,4.5,Rancho Bernardo,3894,12175,2018,1,667,181,Active,September-17-2022 11:00 AM,September-17-2022 05:00 PM,https://www.redfin.com/CA/San-Diego/15992-Sarah-Ridge-Ct-92129/home/144493626,SDMLS,220023474,N,Y,32.9926566,-117.101771
MLS Listing,,Single Family Residential,1011 Muirlands Vista Way,La Jolla,CA,92037,10471000,6,7.5,La Jolla,6140,16553,2022,1,1705,,Active,,,https://www.redfin.com/CA/La-Jolla/1011-Muirlands-Vista-Way-92037/home/4919788,SDMLS,220023452,N,Y,32.8275959,-117.2670375
MLS Listing,,Single Family Residential,10213 Cassia Glen Dr,San Diego,CA,92127,2234700,4,4.5,92115 - San Diego,3675,6377,2006,2,608,90,Active,,,https://www.redfin.com/CA/San-Diego/10213-Cassia-Glen-Dr-92127/home/7523100,CRMLS,SW22200148,N,Y,33.0281725,-117.1173293
MLS Listing,,Single Family Residential,8956 Cliffridge Ave,La Jolla,CA,92037,2349000,3,2.0,La Jolla,2200,8000,1959,2,1068,,Active,,,https://www.redfin.com/CA/La-Jolla/8956-Cliffridge-Ave-92037/home/4864649,SDMLS,220023434,N,Y,32.869304,-117.2422125
MLS Listing,,Single Family Residential,5447 Westknoll Dr,La Jolla,CA,92037,2748300,5,3.5,La Jolla,2658,10300,1972,2,1034,,Pre On-Market,,,https://www.redfin.com/CA/La-Jolla/5447-Westknoll-Dr-92037/home/4942849,SDMLS,220023426,N,Y,32.8165552,-117.2451292
MLS Listing,,Single Family Residential,6185 Henderson Dr,La Mesa,CA,91942,839000,3,2.0,91942 - La Mesa,1709,9147,1956,2,491,,Active,September-17-2022 12:00 PM,September-17-2022 03:00 PM,https://www.redfin.com/CA/La-Mesa/6185-Henderson-Dr-91942/home/5586466,CRMLS,PTP2206076,N,Y,32.7904175,-116.991636
MLS Listing,,Single Family Residential,7403 La Mantanza,San Diego,CA,92127,2650000,4,3.5,92127 - Rancho Bernardo,4261,12375,2003,2,622,320,Active,,,https://www.redfin.com/CA/San-Diego/7403-La-Mantanza-92127/home/6583757,CRMLS,SW22197841,N,Y,32.9859229,-117.1663865
MLS Listing,,Single Family Residential,16778 Deer Ridge Rd,San Diego,CA,92127,1700000,6,4.5,Rancho Bernardo,3943,,2002,2,431,90,Pre On-Market,,,https://www.redfin.com/CA/San-Diego/16778-Deer-Ridge-Rd-92127/home/6323367,SDMLS,220023394,N,Y,33.0170106,-117.1165709
MLS Listing,,Single Family Residential,5562 Caminito Genio,La Jolla,CA,92037,2900000,3,2.5,La Jolla,2571,6599,1994,4,1128,395,Active,,,https://www.redfin.com/CA/La-Jolla/5562-Caminito-Genio-92037/home/4945634,SDMLS,220023345,N,Y,32.8164582,-117.2519729
MLS Listing,,Townhouse,9737 Keeneland Row,La Jolla,CA,92037,1599900,3,2.5,La Jolla,2361,12994,1989,5,678,500,Active,,,https://www.redfin.com/CA/La-Jolla/9737-Keeneland-Row-92037/home/6270938,SDMLS,220023323,N,Y,32.8820071,-117.2442321
MLS Listing,,Single Family Residential,17653 Alva Rd,San Diego,CA,92127,1650000,5,3.0,Rancho Bernardo,2842,7412,2010,5,581,90,Pre On-Market,,,https://www.redfin.com/CA/San-Diego/17653-Alva-Rd-92127/home/22390377,SDMLS,220023321,N,Y,33.0359529,-117.1100904
MLS Listing,,Single Family Residential,636 Rushville St,La Jolla,CA,92037,2300000,2,1.5,La Jolla,1198,,1938,5,1920,,Active,,,https://www.redfin.com/CA/La-Jolla/636-Rushville-St-92037/home/4914437,SDMLS,220023310,N,Y,32.8351128,-117.2753815
MLS Listing,,Condo/Co-op,3550 Lebon #6427,San Diego,CA,92122,638000,2,1.0,University City,723,,1987,5,882,330,Active,,,https://www.redfin.com/CA/San-Diego/3550-Lebon-Dr-92122/unit-6427/home/7539780,SDMLS,220023189,N,Y,32.869521,-117.2253086
MLS Listing,,Condo/Co-op,5350 Baltimore Dr #20,La Mesa,CA,91942,489000,2,2.0,91942 - La Mesa,967,,1972,6,506,447,Active,,,https://www.redfin.com/CA/La-Mesa/5350-Baltimore-Dr-91942/unit-20/home/5451653,CRMLS,NDP2209325,N,Y,32.7755938,-117.0286061
MLS Listing,,Single Family Residential,16531 Zumaque,Rancho Santa Fe,CA,92067,4998000,4,4.5,92067 - Rancho Santa Fe,4523,109335,2009,6,1105,1,Active,,,https://www.redfin.com/CA/Rancho-Santa-Fe/16531-Zumaque-St-92067/home/4190970,CRMLS,NDP2209317,N,Y,33.0135633,-117.1768169
MLS Listing,,Single Family Residential,4868 Cypress St,La Mesa,CA,91942,939000,3,2.0,La Mesa,1296,4934,1935,6,725,,Active,,,https://www.redfin.com/CA/La-Mesa/4868-Cypress-St-91942/home/5625299,SDMLS,220023135,N,Y,32.7678787,-117.0167199
MLS Listing,,Townhouse,16169 Veridian Cir,San Diego,CA,92127,1499000,4,3.0,Rancho Bernardo,2542,,2017,6,590,282,Active,,,https://www.redfin.com/CA/San-Diego/16169-Veridian-Cir-92127/home/145320817,SDMLS,220023117,N,Y,33.009789,-117.12426
MLS Listing,,Single Family Residential,4391 Stanford Pl,La Mesa,CA,91942,899000,4,2.5,La Mesa,1691,2852,2015,6,532,154,Active,,,https://www.redfin.com/CA/La-Mesa/4391-Stanford-Pl-91942/home/58184879,SDMLS,220023107,N,Y,32.7590376,-117.043894
MLS Listing,,Single Family Residential,7393 Rancho Cabrillo Trl,San Diego,CA,92127,2000000,4,3.5,Santaluz,3299,12860,2005,6,606,265,Active,,,https://www.redfin.com/CA/San-Diego/7393-Rancho-Cabrillo-Trl-92127/home/6627859,SDMLS,220023086,N,Y,32.9834278,-117.166869
MLS Listing,,Single Family Residential,6089 Avenida Chamnez,La Jolla,CA,92037,3075000,4,3.0,La Jolla,3107,10300,1978,7,990,,Active,,,https://www.redfin.com/CA/La-Jolla/6089-Avenida-Chamnez-92037/home/4934325,SDMLS,220023061,N,Y,32.823603,-117.2626055
MLS Listing,,Condo/Co-op,939 Coast Blvd Unit 3 C,La Jolla,CA,92037,635000,0,1.0,La Jolla,432,36755,1966,7,1470,820,Active,,,https://www.redfin.com/CA/La-Jolla/939-Coast-Blvd-92037/unit-3C/home/6406278,SDMLS,220023052,N,Y,32.8480183,-117.2762916
MLS Listing,,Single Family Residential,8445 La Jolla Shores Dr,La Jolla,CA,92037,3900000,3,2.0,La Jolla,1126,9723,1947,7,3464,,Active,,,https://www.redfin.com/CA/La-Jolla/8445-La-Jolla-Shores-Dr-92037/home/4875944,SDMLS,220023044,N,Y,32.8605104,-117.2530293
MLS Listing,,Single Family Residential,15694 Concord Ridge Ter,San Diego,CA,92127,1325000,3,2.5,Rancho Bernardo,1930,3148,2011,7,687,168,Active,,,https://www.redfin.com/CA/San-Diego/15694-Concord-Ridge-Ter-92127/home/22418337,SDMLS,220023034,N,Y,33.019865,-117.142813
MLS Listing,,Single Family Residential,8498 BLACKBURN Ln,San Diego,CA,92127,2400000,5,4.5,Rancho Bernardo,3834,8282,2011,7,626,158,Pre On-Market,,,https://www.redfin.com/CA/San-Diego/8498-Blackburn-Ln-92127/home/22390786,SDMLS,220023032,N,Y,33.0151387,-117.1403084
MLS Listing,,Condo/Co-op,5350 Baltimore Dr #16,La Mesa,CA,91942,399000,1,1.0,La Mesa,668,133237,1972,7,597,325,Active,,,https://www.redfin.com/CA/La-Mesa/5350-Baltimore-Dr-91942/unit-16/home/5451637,SDMLS,220023023,N,Y,32.7755938,-117.0286061
MLS Listing,,Townhouse,3306 Via Alicante,La Jolla,CA,92037,950000,2,2.5,La Jolla,1140,,1975,7,833,509,Active,September-24-2022 01:00 PM,September-24-2022 03:00 PM,https://www.redfin.com/CA/La-Jolla/3306-Via-Alicante-92037/home/4865608,SDMLS,220022989,N,Y,32.8612313,-117.2319479
MLS Listing,,Single Family Residential,15575 Canton Ridge Ter,San Diego,CA,92127,1498300,3,3.5,Rancho Bernardo,1939,5133,2006,6,773,168,Active,,,https://www.redfin.com/CA/San-Diego/15575-Canton-Ridge-Ter-92127/home/12153830,SDMLS,220022957,N,Y,33.017484,-117.1451566
MLS Listing,,Condo/Co-op,8143 Auberge Cir,San Diego,CA,92127,1105000,2,2.0,San Diego,1276,213473,2016,8,866,274,Active,,,https://www.redfin.com/CA/San-Diego/8143-Auberge-Cir-92127/home/143237489,SDMLS,220022944,N,Y,33.0054287,-117.1419842
MLS Listing,,Single Family Residential,2488 Azure Coast,La Jolla,CA,92037,1450000,3,2.0,La Jolla,1700,,1977,8,853,280,Active,September-18-2022 01:00 PM,September-18-2022 03:00 PM,https://www.redfin.com/CA/La-Jolla/2488-Azure-Coast-Dr-92037/home/4920710,SDMLS,220022926,N,Y,32.84939,-117.2491699
MLS Listing,,Single Family Residential,7021 Melody Ln,La Mesa,CA,91942,799000,2,2.0,La Mesa,1353,10874,1965,8,591,,Active,September-18-2022 01:00 PM,September-18-2022 03:00 PM,https://www.redfin.com/CA/La-Mesa/7021-Melody-Ln-91942/home/5450673,SDMLS,220022890,N,Y,32.7769622,-117.041963
MLS Listing,,Multi-Family (2-4 Unit),5029-1/2 Williams Ave,La Mesa,CA,91942,839900,2,2.0,91942 - La Mesa,1178,6777,1950,9,713,,Active,,,https://www.redfin.com/CA/La-Mesa/5029-1-2-Williams-Ave-91942/home/180891703,CRMLS,PTP2205940,N,Y,32.770461,-117.0369054
MLS Listing,,Single Family Residential,9565 Gregory St,La Mesa,CA,91942,835000,3,2.5,La Mesa,1556,7400,1956,11,537,,Active,,,https://www.redfin.com/CA/La-Mesa/9565-Gregory-St-91942/home/5586416,SDMLS,220022834,N,Y,32.7901286,-116.9906917
MLS Listing,,Single Family Residential,7451 Hillside,La Jolla,CA,92037,15900000,6,5.5,La Jolla,9022,16000,2022,11,1762,,Active,,,https://www.redfin.com/CA/La-Jolla/7451-Hillside-Dr-92037/home/6650635,SDMLS,220022833,N,Y,32.8465208,-117.2581619
MLS Listing,,Townhouse,5715 Baltimore Dr #111,La Mesa,CA,91942,775000,4,3.0,91942 - La Mesa,1612,118483,1979,11,481,295,Active,,,https://www.redfin.com/CA/La-Mesa/5715-Baltimore-Dr-91942/unit-111/home/6425335,CRMLS,PTP2205920,N,Y,32.7855876,-117.0340087
MLS Listing,,Condo/Co-op,2055 Caminito San Nicholas,La Jolla,CA,92037,1500000,3,2.5,92037 - La Jolla,2056,259507,1974,12,730,1043,Active,,,https://www.redfin.com/CA/La-Jolla/2055-Caminito-San-Nicholas-92037/home/4942029,CRMLS,NDP2209172,N,Y,32.8228144,-117.2391993
MLS Listing,,Condo/Co-op,11263 Avenida De Los Lobos Unit D,San Diego,CA,92127,599900,3,2.0,Rancho Bernardo,1230,237387,1990,12,488,355,Active,,,https://www.redfin.com/CA/San-Diego/11263-Avenida-De-Los-Lobos-92127/unit-D/home/6278742,SDMLS,220022774,N,Y,33.0027076,-117.0908312
MLS Listing,,Single Family Residential,15417 Van Lodensteyn Unit Residence 1 HS 38,San Diego,CA,92127,1334900,4,3.5,Rancho Bernardo,2289,,2022,12,583,240,Active,,,https://www.redfin.com/CA/San-Diego/15417-Van-Lodensteyn-92127/unit-Residence-1-HS-38/home/181423069,SDMLS,220022761,N,Y,32.98856748558,-117.106266571045
MLS Listing,,Single Family Residential,9438 La Jolla Farms Rd,La Jolla,CA,92037,19600000,5,6.0,92037 - La Jolla,7509,55321,2016,12,2610,,Active,,,https://www.redfin.com/CA/La-Jolla/9438-La-Jolla-Farms-Rd-92037/home/4862116,CRMLS,NDP2209161,N,Y,32.8768729,-117.2460708
MLS Listing,,Vacant Land,Ruette Nice,La Jolla,CA,92037,4500000,0,,La Jolla,,15314,,12,,456,Active,,,https://www.redfin.com/CA/LA-JOLLA/RUETTE-NICE-92037/home/22650123,SDMLS,220022753,N,Y,32.863768,-117.248854
MLS Listing,,Townhouse,3440 Lebon Dr #4113,San Diego,CA,92122,499000,1,1.0,University City,535,52366,2006,12,933,325,Active,September-17-2022 12:00 PM,September-17-2022 03:00 PM,https://www.redfin.com/CA/San-Diego/3440-Lebon-Dr-92122/unit-4113/home/6698534,SDMLS,220022736,N,Y,32.8678695,-117.2254004
MLS Listing,,Townhouse,17559 Matinal Rd #14,Rancho Bernardo (san Diego),CA,92127,825000,3,2.5,92127 - Rancho Bernardo,1240,168756,1972,12,665,399,Active,,,https://www.redfin.com/CA/San-Diego/17559-Matinal-Rd-92127/unit-14/home/4230609,CRMLS,PW22191366,N,Y,33.0305664,-117.0837178
MLS Listing,,Single Family Residential,5665 Lord Cecil St,San Diego,CA,92122,1399000,4,2.0,University City,1569,7000,1962,12,892,,Active,September-18-2022 01:00 PM,September-18-2022 04:00 PM,https://www.redfin.com/CA/San-Diego/5665-Lord-Cecil-St-92122/home/6277527,SDMLS,220022734,N,Y,32.8458243,-117.2247803
MLS Listing,,Single Family Residential,643 Bonair St,La Jolla,CA,92037,2650000,3,3.0,92037 - La Jolla,1820,5812,1932,12,1456,,Active,,,https://www.redfin.com/CA/La-Jolla/643-Bonair-St-92037/home/4916334,CRMLS,NDP2209150,N,Y,32.8308255,-117.2741101
MLS Listing,,Single Family Residential,16778 Santanella St,San Diego,CA,92127,2088600,5,4.0,Rancho Bernardo,3540,,2002,12,590,115,Active,,,https://www.redfin.com/CA/San-Diego/16778-Santanella-St-92127/home/6267716,SDMLS,220022722,N,Y,33.0107456,-117.1058388
MLS Listing,,Single Family Residential,4620 Normandie Pl,La Mesa,CA,91942,799000,4,2.0,La Mesa,1648,8700,1963,12,485,,Active,,,https://www.redfin.com/CA/La-Mesa/4620-Normandie-Pl-91942/home/5484218,SDMLS,220022668,N,Y,32.7628967,-117.0448595
MLS Listing,,Condo/Co-op,8587 Via Mallorca Unit D,La Jolla,CA,92037,899000,2,2.0,La Jolla,1359,,1996,13,662,441,Active,,,https://www.redfin.com/CA/La-Jolla/8587-Via-Mallorca-92037/unit-D/home/4868620,SDMLS,220022661,N,Y,32.862636,-117.2321359
MLS Listing,,Condo/Co-op,3172 Via Alicante Unit F,La Jolla,CA,92037,629000,1,1.0,La Jolla,691,,1972,13,910,300,Active,,,https://www.redfin.com/CA/La-Jolla/3172-Via-Alicante-92037/unit-F/home/4885469,SDMLS,220022653,N,Y,32.8614029,-117.2336589
MLS Listing,,Single Family Residential,2859 CAMINITO MERION,La Jolla,CA,92037,2695000,4,3.5,92037 - La Jolla,3059,416433,1977,13,881,632,Active,,,https://www.redfin.com/CA/La-Jolla/2859-Caminito-Merion-92037/home/4925651,CRMLS,NDP2209127,N,Y,32.8377156,-117.2398929
MLS Listing,,Single Family Residential,9342 Loren Dr,La Mesa,CA,91942,1295000,5,3.0,La Mesa,2841,20400,1960,12,456,,Active,,,https://www.redfin.com/CA/La-Mesa/9342-Loren-Dr-91942/home/5588718,SDMLS,220022644,N,Y,32.7840581,-116.9949458
MLS Listing,,Condo/Co-op,11240 Poblado Rd,San Diego,CA,92127,969000,4,2.5,Rancho Bernardo,1578,322000,1971,13,614,460,Active,September-17-2022 01:00 PM,September-17-2022 04:00 PM,https://www.redfin.com/CA/San-Diego/11240-Poblado-Rd-92127/home/4227148,SDMLS,220022608,N,Y,33.028742,-117.0873926
MLS Listing,,Single Family Residential,5415 Waverly Ave,La Jolla,CA,92037,2350000,3,2.0,La Jolla,1540,,1965,13,1526,,Active,,,https://www.redfin.com/CA/La-Jolla/5415-Waverly-Ave-92037/home/4938024,SDMLS,220022558,N,Y,32.8122123,-117.2633824
MLS Listing,,Single Family Residential,17013 Castello Cir,San Diego,CA,92127,3495000,6,5.5,92127 - Rancho Bernardo,6189,30492,2002,13,565,320,Active,,,https://www.redfin.com/CA/San-Diego/17013-Castello-Cir-92127/home/6493387,CRMLS,PTP2205862,N,Y,33.0249794,-117.1199261
MLS Listing,,Single Family Residential,10514 Hollingsworth Way,San Diego,CA,92127,1300000,4,2.5,San Diego,1957,,2005,14,664,195,Active,,,https://www.redfin.com/CA/San-Diego/10514-Hollingsworth-Way-92127/home/6791339,SDMLS,220022498,N,Y,33.0230247,-117.1093023
MLS Listing,,Condo/Co-op,7405 Charmant #1927,San Diego,CA,92122,800000,2,2.0,University City,934,,1987,8,857,397,Active,,,https://www.redfin.com/CA/San-Diego/7405-Charmant-Dr-92122/unit-1927/home/6789670,SDMLS,220022459,N,Y,32.864306,-117.2284322
MLS Listing,,Single Family Residential,7878 Lusardi Creek Ln,San Diego,CA,92127,1199000,2,2.0,Rancho Bernardo,1276,,2016,14,940,292,Active,September-17-2022 02:00 PM,September-17-2022 04:00 PM,https://www.redfin.com/CA/San-Diego/7878-Lusardi-Creek-Ln-92127/home/125756003,SDMLS,220022448,N,Y,33.0062757,-117.1422235
MLS Listing,,Condo/Co-op,7811 Eads #104,La Jolla,CA,92037,1000000,2,2.0,La Jolla,1158,,1969,14,864,475,Pre On-Market,,,https://www.redfin.com/CA/La-Jolla/7811-Eads-Ave-92037/unit-104/home/4905844,SDMLS,220022438,N,Y,32.8449217,-117.2762916
MLS Listing,,Single Family Residential,5485 Calumet Ave,La Jolla,CA,92037,4399999,3,3.0,92037 - La Jolla,2588,5915,1976,9,1700,,Active,September-18-2022 12:00 AM,September-18-2022 11:59 PM,https://www.redfin.com/CA/La-Jolla/5485-Calumet-Ave-92037/home/4937651,CRMLS,SW22187952,N,Y,32.8115904,-117.269242
MLS Listing,,Single Family Residential,6101 La Jolla Mesa Dr,La Jolla,CA,92037,5599500,6,6.0,92037 - La Jolla,4866,44431,1954,15,1151,,Active,,,https://www.redfin.com/CA/La-Jolla/6101-La-Jolla-Mesa-Dr-92037/home/4938942,CRMLS,NDP2209032,N,Y,32.8258559,-117.2585638
MLS Listing,,Single Family Residential,8049 Run Of The Knls,San Diego,CA,92127,3495000,4,3.5,92127 - Rancho Bernardo,4112,18152,2003,15,850,550,Active,,,https://www.redfin.com/CA/San-Diego/8049-Run-of-the-Knls-92127/home/6481889,CRMLS,NDP2209019,N,Y,32.9981759,-117.1518889
MLS Listing,,Townhouse,7405 Charmant Dr #2008,San Diego,CA,92122,783000,2,2.0,University City,934,,1987,15,838,397,Active,,,https://www.redfin.com/CA/San-Diego/7405-Charmant-Dr-92122/unit-2008/home/7536579,SDMLS,220022383,N,Y,32.864306,-117.2284322
MLS Listing,,Single Family Residential,7856 La Jolla Vista Dr,La Jolla,CA,92037,6898000,5,3.5,La Jolla,3842,66235,1959,15,1795,,Active,,,https://www.redfin.com/CA/La-Jolla/7856-La-Jolla-Vista-Dr-92037/home/4880963,SDMLS,220022376,N,Y,32.8478203,-117.240513
MLS Listing,,Condo/Co-op,17161 Alva Rd #2416,San Diego,CA,92127,525000,2,2.0,Rancho Bernardo,968,20571,1992,13,542,389,Active,,,https://www.redfin.com/CA/San-Diego/17161-Alva-Rd-92127/unit-2416/home/6260935,SDMLS,220022359,N,Y,33.0243542,-117.1050914
MLS Listing,,Single Family Residential,6324 La Pintura Dr,La Jolla,CA,92037,5995000,6,6.0,La Jolla,5115,23100,2013,16,1172,,Active,,,https://www.redfin.com/CA/La-Jolla/6324-La-Pintura-Dr-92037/home/4922325,SDMLS,220022333,N,Y,32.8293765,-117.252593
MLS Listing,,Condo/Co-op,7780 Parkway Dr #504,La Mesa,CA,91942,600000,3,2.0,91942 - La Mesa,1321,,1982,16,454,410,Active,September-17-2022 12:00 PM,September-17-2022 02:00 PM,https://www.redfin.com/CA/La-Mesa/7780-Parkway-Dr-91942/unit-504/home/5454030,CRMLS,PTP2205798,N,Y,32.7749267,-117.0294568
MLS Listing,,Single Family Residential,17868 Valladares Dr,San Diego,CA,92127,1295888,4,2.5,92127 - Rancho Bernardo,1745,6251,1979,16,743,43,Active,,,https://www.redfin.com/CA/San-Diego/17868-Valladares-Dr-92127/home/6262440,CRMLS,NDP2208999,N,Y,33.0367468,-117.0788336
MLS Listing,,Single Family Residential,17060 Palacio Ct,San Diego,CA,92127,1100000,4,2.0,92128 - Rancho Bernardo,1736,9583,1972,17,634,41,Active,,,https://www.redfin.com/CA/San-Diego/17060-Palacio-Ct-92127/home/4226893,CRMLS,NDP2208987,N,Y,33.0254347,-117.0906474
MLS Listing,,Condo/Co-op,8132 Camino del Sol Unit E,La Jolla,CA,92037,1540000,2,2.0,La Jolla,1148,,1987,17,1341,865,Active,,,https://www.redfin.com/CA/La-Jolla/8132-Camino-del-Sol-92037/unit-E/home/4876377,SDMLS,220022287,N,Y,32.8547858,-117.2569333
MLS Listing,,Single Family Residential,924 Sandpiper Pl,La Jolla,CA,92037,2495000,4,2.5,La Jolla,1781,13200,1960,17,1401,,Active,,,https://www.redfin.com/CA/La-Jolla/924-Sandpiper-Pl-92037/home/4936372,SDMLS,220022282,N,Y,32.8172548,-117.2629959
MLS Listing,,Condo/Co-op,8803 Gilman Dr Unit H,La Jolla,CA,92037,749000,2,1.5,La Jolla,885,197730,1980,18,846,432,Active,,,https://www.redfin.com/CA/La-Jolla/8803-Gilman-Dr-92037/unit-H/home/4866720,SDMLS,220022273,N,Y,32.8677788,-117.2372517
MLS Listing,,Single Family Residential,1703 Calle De Andluca,La Jolla,CA,92037,3495000,4,2.5,La Jolla,2676,10822,1975,18,1306,,Active,September-18-2022 12:00 PM,September-18-2022 03:00 PM,https://www.redfin.com/CA/La-Jolla/1703-Calle-De-Andluca-92037/home/4943813,SDMLS,220022262,N,Y,32.8206827,-117.2455196
MLS Listing,,Single Family Residential,7204 Colony Rd,La Mesa,CA,91942,835000,3,2.0,91942 - La Mesa,1281,9100,1946,18,652,,Active,,,https://www.redfin.com/CA/La-Mesa/7204-Colony-Rd-91942/home/5482915,CRMLS,PTP2205765,N,Y,32.7661647,-117.0427446
MLS Listing,,Single Family Residential,5810 Nagel,San Diego,CA,91942,829777,3,1.0,La Mesa,1397,9600,1953,18,594,,Active,,,https://www.redfin.com/CA/La-Mesa/5810-Nagel-St-91942/home/5579786,SDMLS,220022238,N,Y,32.7847914,-117.0129952
MLS Listing,,Single Family Residential,5404 Bragg St,San Diego,CA,92122,1799000,3,2.0,92122 - University City,2174,7500,1971,19,828,,Active,,,https://www.redfin.com/CA/San-Diego/5404-Bragg-St-92122/home/6235302,CRMLS,NDP2208970,N,Y,32.8421814,-117.2251937
MLS Listing,,Single Family Residential,14892 Chesfield Ct,Rancho Bernardo (san Diego),CA,92127,5995000,5,5.5,92127 - Rancho Bernardo,6110,44431,2015,16,981,360,Active,,,https://www.redfin.com/CA/San-Diego/14892-Chesfield-Ct-92127/home/55268009,CRMLS,NDP2208967,N,Y,32.9966074,-117.1240624
MLS Listing,,Townhouse,7502 Parkway Dr #208,La Mesa,CA,91942,395000,1,1.0,La Mesa,646,,1979,14,611,294,Active,,,https://www.redfin.com/CA/La-Mesa/7502-Parkway-Dr-91942/unit-208/home/5451317,SDMLS,220022207,N,Y,32.7746158,-117.0358939
MLS Listing,,Single Family Residential,6735 La Jolla Scenic Dr S,La Jolla,CA,92037,6450000,5,5.5,La Jolla,5798,20009,2003,19,1112,525,Active,,,https://www.redfin.com/CA/La-Jolla/6735-La-Jolla-Scenic-Dr-S-92037/home/6544982,SDMLS,220022182,N,Y,32.8376101,-117.2481607
MLS Listing,,Single Family Residential,5555 Nokomis St,La Mesa,CA,91942,759000,3,2.0,La Mesa,1400,14223,1973,19,542,,Active,,,https://www.redfin.com/CA/La-Mesa/5555-Nokomis-St-91942/home/5605116,SDMLS,220022155,N,Y,32.7805189,-117.0002573
MLS Listing,,Single Family Residential,6919 Colorado Ave,La Mesa,CA,91942,1095000,4,3.0,La Mesa,1626,8474,1953,19,673,,Active,,,https://www.redfin.com/CA/La-Mesa/6919-Colorado-Ave-91942/home/5449144,SDMLS,220022040,N,Y,32.7780345,-117.0468365
MLS Listing,,Single Family Residential,5920 Noraak Ct,La Mesa,CA,91942,999000,3,2.0,91942 - La Mesa,1818,8700,1960,20,550,,Active,September-14-2022 03:00 PM,September-14-2022 06:00 PM,https://www.redfin.com/CA/La-Mesa/5920-Noraak-Ct-91942/home/6246268,CRMLS,PTP2205719,N,Y,32.7873351,-117.0328133
MLS Listing,,Single Family Residential,9410 Loren Dr,La Mesa,CA,91942,1175000,4,3.0,91942 - La Mesa,2364,18200,1960,20,497,,Active,September-17-2022 11:00 AM,September-17-2022 02:00 PM,https://www.redfin.com/CA/La-Mesa/9410-Loren-Dr-91942/home/5588914,CRMLS,OC22187470,N,Y,32.782219,-116.9930143
MLS Listing,,Single Family Residential,7370 La Mesita Pl #14,La Mesa,CA,91942,675000,3,2.5,La Mesa,1321,,2007,20,511,154,Active,,,https://www.redfin.com/CA/La-Mesa/7370-La-Mesita-Pl-91942/unit-14/home/17200487,SDMLS,220022055,N,Y,32.7673175,-117.0388365
MLS Listing,,Single Family Residential,6090 Avenorra Dr,La Mesa,CA,91942,999000,3,3.0,La Mesa,1778,6000,1960,20,562,,Active,,,https://www.redfin.com/CA/La-Mesa/6090-Avenorra-Dr-91942/home/6245972,SDMLS,220022034,N,Y,32.7894224,-117.0303304
MLS Listing,,Single Family Residential,5453 Thunderbird Ln,La Jolla,CA,92037,2699000,4,3.0,La Jolla,2487,10000,1966,20,1085,,Active,,,https://www.redfin.com/CA/La-Jolla/5453-Thunderbird-Ln-92037/home/4940955,SDMLS,220022012,N,Y,32.8181093,-117.2398929
MLS Listing,,Single Family Residential,5608 Abalone Pl,La Jolla,CA,92037,3295000,3,2.0,La Jolla,1670,4446,1946,21,1973,,Active,,,https://www.redfin.com/CA/La-Jolla/5608-Abalone-Pl-92037/home/4935826,SDMLS,220021968,N,Y,32.81441,-117.271334
MLS Listing,,Condo/Co-op,16858 Blue Crane Way #1,San Diego,CA,92127,719900,2,2.0,92127 - Rancho Bernardo,977,60112,2002,18,737,241,Active,,,https://www.redfin.com/CA/San-Diego/16858-Blue-Crane-Way-92127/unit-1/home/6467536,CRMLS,NDP2208852,N,Y,33.0140305,-117.1068677
MLS Listing,,Single Family Residential,1140 Muirlands Vista Way,La Jolla,CA,92037,6295000,4,5.0,92037 - La Jolla,3471,14100,1959,21,1814,,Active,,,https://www.redfin.com/CA/La-Jolla/1140-Muirlands-Vista-Way-92037/home/4919794,CRMLS,NDP2208841,N,Y,32.8288297,-117.2649938
MLS Listing,,Condo/Co-op,7780 Parkway Dr #302,La Mesa,CA,91942,499000,2,2.0,La Mesa,1115,168365,1982,23,448,412,Active,,,https://www.redfin.com/CA/La-Mesa/7780-Parkway-Dr-91942/unit-302/home/5454008,SDMLS,220021812,N,Y,32.7749267,-117.0294568
MLS Listing,,Single Family Residential,16174 Cayenne Ridge Rd,San Diego,CA,92127,2295000,5,4.5,Rancho Bernardo,3850,,2004,20,596,80,Active,,,https://www.redfin.com/CA/San-Diego/16174-Cayenne-Ridge-Rd-92127/home/22757763,SDMLS,220021811,N,Y,33.0064913,-117.1053102
MLS Listing,,Single Family Residential,1151 W Muirlands Dr,La Jolla,CA,92037,10450000,5,6.5,92037 - La Jolla,5966,15800,2022,23,1752,,Active,,,https://www.redfin.com/CA/La-Jolla/1151-W-Muirlands-Dr-92037/home/4916128,CRMLS,PTP2205636,N,Y,32.8338014,-117.2685531
MLS Listing,,Single Family Residential,7234 Encelia Dr,La Jolla,CA,92037,4995000,5,5.5,La Jolla,7459,10141,1980,23,670,,Active,,,https://www.redfin.com/CA/La-Jolla/7234-Encelia-Dr-92037/home/4921184,SDMLS,220021808,N,Y,32.8402496,-117.2580127
MLS Listing,,Condo/Co-op,5495 Caminito Rosa,La Jolla,CA,92037,1595000,3,3.0,92037 - La Jolla,2012,533779,1972,23,793,1043,Active,,,https://www.redfin.com/CA/La-Jolla/5495-Caminito-Rosa-92037/home/4942347,CRMLS,NDP2208790,N,Y,32.8193897,-117.2333014
MLS Listing,,Condo/Co-op,1001 Genter St Unit 5D,La Jolla,CA,92037,1998000,3,2.0,La Jolla,1941,50042,1966,23,1029,1424,Active,,,https://www.redfin.com/CA/La-Jolla/1001-Genter-St-92037/unit-5D/home/4914725,SDMLS,220021784,N,Y,32.8366784,-117.2711939
MLS Listing,,Condo/Co-op,3227 Via Marin,La Jolla,CA,92037,1400000,4,3.0,La Jolla,1602,,1974,23,874,380,Active,,,https://www.redfin.com/CA/La-Jolla/3227-Via-Marin-92037/home/4881811,SDMLS,220021778,N,Y,32.8559702,-117.2340374
MLS Listing,,Condo/Co-op,9263 Regents Rd Unit B105,La Jolla,CA,92037,975000,2,2.0,La Jolla,1102,,2000,12,885,497,Active,,,https://www.redfin.com/CA/La-Jolla/9263-Regents-Rd-92037/unit-B105/home/6650024,SDMLS,220021754,N,Y,32.8743204,-117.2176141
MLS Listing,,Single Family Residential,9155 Sinjon Cir,La Mesa,CA,91942,875000,3,2.0,La Mesa,1688,12000,1960,25,518,,Active,,,https://www.redfin.com/CA/La-Mesa/9155-Sinjon-Cir-91942/home/5580866,SDMLS,220021706,N,Y,32.7897176,-117.0002113
MLS Listing,,Condo/Co-op,5460 La Jolla Blvd Unit G201,La Jolla,CA,92037,1899000,2,2.0,La Jolla,1768,77468,2005,26,1074,629,Active,September-17-2022 01:00 PM,September-17-2022 04:00 PM,https://www.redfin.com/CA/La-Jolla/5460-La-Jolla-Blvd-92037/unit-G201/home/6650646,SDMLS,220021658,N,Y,32.8117118,-117.2681168
MLS Listing,,Single Family Residential,8796 Dallas St,La Mesa,CA,91942,949900,3,2.0,La Mesa,1582,,1953,26,600,,Active,,,https://www.redfin.com/CA/La-Mesa/8796-Dallas-St-91942/home/5579162,SDMLS,220021652,N,Y,32.7911226,-117.007707
MLS Listing,,Single Family Residential,5487 Coral Reef Ave,La Jolla,CA,92037,1899999,4,2.5,La Jolla,2664,,1972,26,713,,Active,,,https://www.redfin.com/CA/La-Jolla/5487-Coral-Reef-Ave-92037/home/4942568,SDMLS,220021639,N,Y,32.8191636,-117.2367005
MLS Listing,,Condo/Co-op,5800 Lake Murray Blvd #4,La Mesa,CA,91942,651000,3,2.5,La Mesa,1554,296838,1974,26,419,400,Active,,,https://www.redfin.com/CA/La-Mesa/5800-Lake-Murray-Blvd-91942/unit-4/home/5452811,SDMLS,220021622,N,Y,32.7845426,-117.0274336
MLS Listing,,Single Family Residential,7443 Las Lunas,San Diego,CA,92127,2999000,5,3.5,92127 - Rancho Bernardo,3677,12563,2003,26,816,360,Active,,,https://www.redfin.com/CA/San-Diego/7443-Las-Lunas-92127/home/6560723,CRMLS,NDP2208705,N,Y,32.9900138,-117.1664784
MLS Listing,,Single Family Residential,756 Bonair St,La Jolla,CA,92037,2895000,4,3.0,La Jolla,2583,4593,2015,26,1121,,Active,,,https://www.redfin.com/CA/La-Jolla/756-Bonair-St-92037/home/112890279,SDMLS,220021573,N,Y,32.8315483,-117.2725554
MLS Listing,,Condo/Co-op,3177 Morning Way,La Jolla,CA,92037,1150000,2,2.5,La Jolla,1443,78415,1980,27,797,450,Active,,,https://www.redfin.com/CA/La-Jolla/3177-Morning-Way-92037/home/4867007,SDMLS,220021502,N,Y,32.8683347,-117.2341904
MLS Listing,,Condo/Co-op,8364 VIA SONOMA Unit F,La Jolla,CA,92037,599000,1,1.0,92037 - La Jolla,623,,1978,27,961,326,Active,,,https://www.redfin.com/CA/La-Jolla/8364-Via-Sonoma-92037/unit-F/home/4884326,CRMLS,NDP2208675,N,Y,32.857619,-117.2319233
MLS Listing,,Single Family Residential,8173 Paseo Del Ocaso,La Jolla,CA,92037,3395000,3,2.0,La Jolla,1506,5589,1947,27,2254,,Active,,,https://www.redfin.com/CA/La-Jolla/8173-Paseo-Del-Ocaso-92037/home/4877133,SDMLS,220021453,N,Y,32.8552458,-117.2544531
MLS Listing,,Condo/Co-op,3056 Via Alicante Unit C,La Jolla,CA,92037,549000,1,1.0,La Jolla,504,504,1972,27,1089,300,Active,,,https://www.redfin.com/CA/La-Jolla/3056-Via-Alicante-92037/unit-C/home/4885696,SDMLS,220021446,N,Y,32.8624729,-117.2358693
MLS Listing,,Condo/Co-op,5450 La Jolla Blvd Unit D-101,La Jolla,CA,92037,2075000,3,2.0,92037 - La Jolla,2160,,2005,28,961,629,Active,,,https://www.redfin.com/CA/La-Jolla/5450-La-Jolla-Blvd-92037/unit-D101/home/6650789,CRMLS,NDP2208644,N,Y,32.8114504,-117.2678412
MLS Listing,,Condo/Co-op,8340 Via Sonoma Unit A,La Jolla,CA,92037,519000,1,1.0,La Jolla,623,,1978,28,833,325,Active,,,https://www.redfin.com/CA/La-Jolla/8340-Via-Sonoma-92037/unit-A/home/4884248,SDMLS,220021399,N,Y,32.8570283,-117.2315629
MLS Listing,,Townhouse,6425 Caminito Sinnecock,La Jolla,CA,92037,1590000,4,3.0,La Jolla,1893,,1978,28,840,814,Active,September-14-2022 01:00 PM,September-14-2022 04:00 PM,https://www.redfin.com/CA/La-Jolla/6425-Caminito-Sinnecock-92037/home/4925010,SDMLS,220021369,N,Y,32.8340797,-117.2457386
MLS Listing,,Single Family Residential,11215 Sunnydale Ct,Rancho Bernardo (san Diego),CA,92127,1149000,4,2.5,92127 - Rancho Bernardo,1832,4325,1986,29,627,111,Active,,,https://www.redfin.com/CA/San-Diego/11215-Sunnydale-Ct-92127/home/4624753,CRMLS,NDP2208606,N,Y,33.0072576,-117.088441
MLS Listing,,Townhouse,5715 Baltimore Dr #95,La Mesa,CA,91942,700000,3,2.5,La Mesa,1385,118397,1979,29,505,299,Active,,,https://www.redfin.com/CA/La-Mesa/5715-Baltimore-Dr-91942/unit-95/home/5445936,SDMLS,220021266,N,Y,32.7855876,-117.0340087
MLS Listing,,Single Family Residential,6102 Terryhill Dr,La Jolla,CA,92037,5995000,5,3.0,La Jolla,4238,29185,1958,24,1415,,Active,September-18-2022 01:00 PM,September-18-2022 03:00 PM,https://www.redfin.com/CA/La-Jolla/6102-Terryhill-Dr-92037/home/4934266,SDMLS,220021206,N,Y,32.8227646,-117.2675657
MLS Listing,,Single Family Residential,6441 Sommer Pl,La Mesa,CA,91942,794900,3,2.0,La Mesa,1072,,1964,32,742,,Active,September-17-2022 12:00 PM,September-17-2022 03:00 PM,https://www.redfin.com/CA/La-Mesa/6441-Sommer-Pl-91942/home/5583526,SDMLS,220021136,N,Y,32.7958178,-116.9996135
MLS Listing,,Condo/Co-op,16943 New Rochelle Way #68,San Diego,CA,92127,899000,3,2.5,Rancho Bernardo,1428,121979,2006,32,630,220,Active,,,https://www.redfin.com/CA/San-Diego/16943-New-Rochelle-Way-92127/unit-68/home/12154206,SDMLS,220021135,N,Y,33.0213825,-117.1084127
MLS Listing,,Single Family Residential,7109 Monte Vista Ave,La Jolla,CA,92037,2895000,3,2.0,La Jolla,1849,3149,1935,25,1566,,Active,,,https://www.redfin.com/CA/La-Jolla/7109-Monte-Vista-Ave-92037/home/4914360,SDMLS,220021115,N,Y,32.8339824,-117.2788863
MLS Listing,,Single Family Residential,15901 SARAH RIDGE Rd,San Diego,CA,92127,1925000,4,3.0,Rancho Bernardo,2806,6199,2018,32,686,185,Active,September-18-2022 12:00 PM,September-18-2022 04:00 PM,https://www.redfin.com/CA/San-Diego/15901-Sarah-Ridge-Rd-92129/home/144493585,SDMLS,220021093,N,Y,32.991517,-117.1042071
MLS Listing,,Single Family Residential,1436 Muirlands,La Jolla,CA,92037,10500000,5,6.0,La Jolla,5271,14389,2017,15,1992,,Active,,,https://www.redfin.com/CA/La-Jolla/1436-Muirlands-Dr-92037/home/4919841,SDMLS,220021079,N,Y,32.827319,-117.2620544
MLS Listing,,Condo/Co-op,8889 Caminito Plaza Centro #7210,San Diego,CA,92122,510000,1,1.0,University City,535,,1987,33,953,325,Active,,,https://www.redfin.com/CA/San-Diego/8889-Caminito-Plaza-Centro-92122/unit-7210/home/181029303,SDMLS,220021057,N,Y,32.8687304,-117.2265948
MLS Listing,,Single Family Residential,8504 Lower Scarborough Ct,San Diego,CA,92127,2248000,4,4.5,92127 - Rancho Bernardo,3219,7405,2015,33,698,211,Active,,,https://www.redfin.com/CA/San-Diego/8504-Lower-Scarborough-Ct-92127/home/22421136,CRMLS,NDP2208502,N,Y,33.0091959,-117.1429968
MLS Listing,,Single Family Residential,1747 El Paso Real,La Jolla,CA,92037,4685000,5,4.5,La Jolla,3762,23958,1984,33,1245,260,Active,,,https://www.redfin.com/CA/La-Jolla/1747-El-Paso-Real-92037/home/4923122,SDMLS,220021020,N,Y,32.8294493,-117.2564511
MLS Listing,,Single Family Residential,8095 High Society Way,San Diego,CA,92127,3999000,4,4.5,San Diego,4627,16495,2004,33,864,600,Active,,,https://www.redfin.com/CA/San-Diego/8095-High-Society-Way-92127/home/6481579,SDMLS,220021011,N,Y,33.036917,-117.1529917
MLS Listing,,Vacant Land,0 Artesian Rd,San Diego,CA,92127,3200000,,,92127 - Rancho Bernardo,,1096405,,33,,,Active,,,https://www.redfin.com/CA/Rancho-Santa-Fe/Artesian-Rd-92127/home/142962499,CRMLS,NDP2208485,N,Y,33.01687332,-117.17190611
MLS Listing,,Townhouse,4800 Williamsburg Ln #118,La Mesa,CA,91942,475000,2,1.5,La Mesa,1026,,1969,34,463,450,Active,September-17-2022 01:00 PM,September-17-2022 04:00 PM,https://www.redfin.com/CA/La-Mesa/4800-Williamsburg-Ln-91942/unit-118/home/5483382,SDMLS,220020620,N,Y,32.766523,-117.036306
MLS Listing,,Single Family Residential,8255 Orchard Ave,La Mesa,CA,91942,859000,2,2.0,91942 - La Mesa,1165,6603,1947,33,737,,Active,,,https://www.redfin.com/CA/La-Mesa/8255-Orchard-Ave-91942/home/5621172,CRMLS,PTP2205419,N,Y,32.7681602,-117.0202309
MLS Listing,,Single Family Residential,5251 Chelsea St,La Jolla,CA,92037,5859000,4,4.5,La Jolla,3479,,2022,34,1684,,Active,,,https://www.redfin.com/CA/La-Jolla/5251-Chelsea-St-92037/home/5124149,SDMLS,220020866,N,Y,32.8081508,-117.2640982
MLS Listing,,Single Family Residential,7231 Monte Vista Ave,La Jolla,CA,92037,6100000,6,7.5,92037 - La Jolla,5250,11219,1924,34,1162,,Active,,,https://www.redfin.com/CA/La-Jolla/7231-Monte-Vista-Ave-92037/home/7540224,CRMLS,NDP2208433,N,Y,32.8354269,-117.2792366
MLS Listing,,Single Family Residential,5870 Nagel St,La Mesa,CA,91942,829000,3,2.0,La Mesa,1096,,1953,35,756,,Active,September-17-2022 12:00 PM,September-17-2022 03:00 PM,https://www.redfin.com/CA/La-Mesa/5870-Nagel-St-91942/home/5579760,SDMLS,220020794,N,Y,32.7861087,-117.0129492
MLS Listing,,Single Family Residential,16345 Fox Valley Dr,San Diego,CA,92127,2198000,5,3.5,Rancho Bernardo,4062,6000,2002,15,541,8,Active,,,https://www.redfin.com/CA/San-Diego/16345-Fox-Valley-Dr-92127/home/6465945,SDMLS,220020653,N,Y,33.0087584,-117.1179038
MLS Listing,,Single Family Residential,17205 Matinal Rd,San Diego,CA,92127,1249888,4,3.0,Rancho Bernardo,2044,11400,1978,33,611,44,Active,,,https://www.redfin.com/CA/San-Diego/17205-Matinal-Rd-92127/home/6262321,SDMLS,220020645,N,Y,33.0291012,-117.0913369
MLS Listing,,Single Family Residential,9678 Claiborne Sq,La Jolla,CA,92037,2395000,4,3.0,La Jolla,2975,,1989,36,805,500,Active,September-18-2022 12:00 PM,September-18-2022 03:00 PM,https://www.redfin.com/CA/La-Jolla/9678-Claiborne-Sq-92037/home/6270875,SDMLS,220020642,N,Y,32.8810503,-117.2455191
MLS Listing,,Single Family Residential,15446 Tanner Ridge Cir,San Diego,CA,92127,2950000,5,4.5,Rancho Bernardo,3423,,2015,34,862,163,Active,,,https://www.redfin.com/CA/San-Diego/15446-Tanner-Ridge-Cir-92127/home/52344697,SDMLS,220020640,N,Y,33.0103042,-117.1362643
MLS Listing,,Single Family Residential,14654 Caminito Lazanja,San Diego,CA,92127,2099000,4,4.0,Santaluz,3022,,2003,37,695,550,Active,,,https://www.redfin.com/CA/San-Diego/14654-Caminito-Lazanja-92127/home/6482930,SDMLS,220020619,N,Y,32.988727,-117.1636295
MLS Listing,,Townhouse,16837 Wren Haven Way #2,San Diego,CA,92127,819000,2,2.5,Rancho Bernardo,1108,26238,2003,33,739,241,Active,,,https://www.redfin.com/CA/San-Diego/16837-Wren-Haven-Way-92127/unit-2/home/6493287,SDMLS,220020547,N,Y,33.0131383,-117.1053092
MLS Listing,,Condo/Co-op,2600 Torrey Pines Rd Unit B29,La Jolla,CA,92037,799000,2,2.0,92037 - La Jolla,1102,117176,1966,40,725,623,Active,,,https://www.redfin.com/CA/La-Jolla/2600-Torrey-Pines-Rd-92037/unit-B29/home/4879250,CRMLS,PTP2205291,N,Y,32.8517712,-117.2478162
MLS Listing,,Single Family Residential,7732 Lookout Dr,La Jolla,CA,92037,5749000,4,4.5,La Jolla,3581,,2019,40,1605,,Active,,,https://www.redfin.com/CA/La-Jolla/7732-Lookout-Dr-92037/home/6600633,SDMLS,220020377,N,Y,32.8483165,-117.2593216
MLS Listing,,Single Family Residential,7971 Entrada Lazanja,San Diego,CA,92127,2795000,6,6.5,Santaluz,4731,10775,2004,40,591,550,Active,,,https://www.redfin.com/CA/San-Diego/7971-Entrada-Lazanja-92127/home/6541303,SDMLS,220020349,N,Y,32.9827512,-117.1624578
MLS Listing,,Condo/Co-op,5410 La Jolla Blvd Unit A101,La Jolla,CA,92037,1398000,2,2.0,La Jolla,1769,,2005,41,790,624,Active,,,https://www.redfin.com/CA/La-Jolla/5410-La-Jolla-Blvd-92037/unit-A101/home/6650872,SDMLS,220020334,N,Y,32.8108077,-117.2671064
MLS Listing,,Single Family Residential,8393 Cliffridge Ln,La Jolla,CA,92037,3999000,5,2.5,La Jolla,3615,,1971,34,1106,,Active,,,https://www.redfin.com/CA/La-Jolla/8393-Cliffridge-Ln-92037/home/4880444,SDMLS,220020324,N,Y,32.8593525,-117.2409493
MLS Listing,,Single Family Residential,6655 Avenida de las Pescas,La Jolla,CA,92037,4295000,4,4.0,92037 - La Jolla,3212,14000,2000,41,1337,,Active,,,https://www.redfin.com/CA/La-Jolla/6655-Avenida-De-Las-Pescas-92037/home/4918014,CRMLS,NDP2208230,N,Y,32.8305528,-117.2645115
MLS Listing,,Single Family Residential,5389 La Jolla Mesa Dr,La Jolla,CA,92037,3048000,4,2.0,San Diego,2364,5300,1950,29,1289,,Active,,,https://www.redfin.com/CA/La-Jolla/5389-La-Jolla-Mesa-Dr-92037/home/4938399,SDMLS,220020212,N,Y,32.8125234,-117.2600565
MLS Listing,,Condo/Co-op,326 Prospect St,La Jolla,CA,92037,3295000,2,2.5,La Jolla,1490,,1982,42,2211,46,Active,,,https://www.redfin.com/CA/La-Jolla/326-Prospect-St-92037/home/4908791,SDMLS,220020083,N,Y,32.840933,-117.280249
MLS Listing,,Single Family Residential,17088 Oculto Pl,San Diego,CA,92127,825000,4,3.0,Rancho Bernardo,2160,,1970,31,382,43,Active,,,https://www.redfin.com/CA/San-Diego/17088-Oculto-Pl-92127/home/4224702,SDMLS,220020084,N,Y,33.0256713,-117.0854531
MLS Listing,,Single Family Residential,6145 Baltimore Dr,La Mesa,CA,91942,1160000,3,3.0,La Mesa,1730,,1964,36,671,,Active,September-17-2022 10:30 AM,September-17-2022 01:00 PM,https://www.redfin.com/CA/La-Mesa/6145-Baltimore-Dr-91942/home/6246475,SDMLS,220020067,N,Y,32.7903414,-117.0362157
MLS Listing,,Single Family Residential,6389 Castejon Dr,La Jolla,CA,92037,24995000,6,8.0,La Jolla,11000,21400,2022,27,2272,,Active,,,https://www.redfin.com/CA/La-Jolla/6389-Castejon-Dr-92037/home/4922498,SDMLS,220020062,N,Y,32.8324733,-117.2494697
MLS Listing,,Condo/Co-op,9703 Keeneland Row,La Jolla,CA,92037,1650000,4,2.5,92037 - La Jolla,2601,13334,1989,43,634,500,Active,,,https://www.redfin.com/CA/La-Jolla/9703-Keeneland-Row-92037/home/6270786,CRMLS,NDP2208135,N,Y,32.8816732,-117.2442319
MLS Listing,,Single Family Residential,17819 Sun Walk Ct,San Diego,CA,92127,1468300,5,3.0,Rancho Bernardo,2556,5153,1990,41,574,120,Active,,,https://www.redfin.com/CA/San-Diego/17819-Sun-Walk-Ct-92127/home/6265118,SDMLS,220019969,N,Y,33.0354057,-117.0918885
MLS Listing,,Single Family Residential,,La Mesa,CA,91942,1050000,3,2.5,La Mesa,1844,7200,1968,44,569,,Active,,,https://www.redfin.com/CA/La-Mesa/El-Paso-St-91942/home/6246596,SDMLS,220019963,N,Y,32.7891582,-117.0351582
MLS Listing,,Single Family Residential,9531 Janfred Way,La Mesa,CA,91942,739900,3,2.0,La Mesa,1204,6200,1958,44,615,,Active,,,https://www.redfin.com/CA/La-Mesa/9531-Janfred-Way-91942/home/180984547,SDMLS,220019940,N,Y,32.7842531,-116.9922555
MLS Listing,,Single Family Residential,514 Gravilla,La Jolla,CA,92037,2595000,3,2.0,La Jolla,1298,,1950,44,1999,,Active,,,https://www.redfin.com/CA/La-Jolla/514-Gravilla-St-92037/home/4916384,SDMLS,220019909,N,Y,32.8294681,-117.2754649
MLS Listing,,Condo/Co-op,1020 Genter St #102,La Jolla,CA,92037,2220000,3,3.5,92037 - La Jolla,3168,95177,2004,44,701,855,Active,,,https://www.redfin.com/CA/La-Jolla/1020-Genter-St-92037/unit-102/home/6668970,CRMLS,NP22168499,N,Y,32.8375852,-117.2705569
MLS Listing,,Condo/Co-op,11329 Avenida de Los Lobos Unit H,San Diego,CA,92127,649000,3,2.0,Rancho Bernardo,1230,,1989,44,528,355,Active,,,https://www.redfin.com/CA/San-Diego/11329-Avenida-De-Los-Lobos-92127/unit-H/home/4622270,SDMLS,220019903,N,Y,33.0038624,-117.0921643
MLS Listing,,Single Family Residential,745 Bonair St,La Jolla,CA,92037,2600000,2,2.0,La Jolla,1922,6617,1949,44,1353,,Active,,,https://www.redfin.com/CA/La-Jolla/745-Bonair-St-92037/home/4916392,SDMLS,220019897,N,Y,32.8311383,-117.2727783
MLS Listing,,Single Family Residential,15645 Via Montecristo,San Diego,CA,92127,1799000,4,3.0,Rancho Bernardo,3156,5700,2006,45,570,171,Active,,,https://www.redfin.com/CA/San-Diego/15645-Via-Montecristo-92127/home/12154842,SDMLS,220019876,N,Y,33.0199158,-117.1452026
MLS Listing,,Single Family Residential,1178 Virginia Way,La Jolla,CA,92037,6195000,4,4.5,La Jolla,4428,8719,2005,47,1399,,Active,,,https://www.redfin.com/CA/La-Jolla/1178-Virginia-Way-92037/home/4911266,SDMLS,220019809,N,Y,32.8430039,-117.2706657
MLS Listing,,Single Family Residential,15910 Dyer Ln,San Diego,CA,92127,1825000,4,3.0,92127 - Rancho Bernardo,2695,5396,2015,47,677,160,Active,September-17-2022 11:00 AM,September-17-2022 03:00 PM,https://www.redfin.com/CA/San-Diego/15910-Dyer-Ln-92127/home/55267794,CRMLS,SW22166487,N,Y,33.0134129,-117.1258548
MLS Listing,,Single Family Residential,8104 Silverwind Dr,San Diego,CA,92127,6250000,4,4.5,92127 - Rancho Bernardo,5162,50094,2019,47,1211,520,Active,,,https://www.redfin.com/CA/San-Diego/8104-Silverwind-Dr-92127/home/22311549,CRMLS,NDP2207990,N,Y,33.0231385,-117.1450877
MLS Listing,,Townhouse,8672 Villa La Jolla Dr #2,La Jolla,CA,92037,819000,1,2.0,La Jolla,1016,,1981,48,806,575,Active,,,https://www.redfin.com/CA/La-Jolla/8672-Villa-La-Jolla-Dr-92037/unit-2/home/6404588,SDMLS,220019686,N,Y,32.8668459,-117.2342931
MLS Listing,,Single Family Residential,6061 Greenhedge Row,La Jolla,CA,92037,2499000,4,3.5,La Jolla,2939,7927,1997,48,850,350,Active,,,https://www.redfin.com/CA/La-Jolla/6061-Greenhedge-Row-92037/home/4944538,SDMLS,220019679,N,Y,32.8309359,-117.2341282
MLS Listing,,Single Family Residential,4712 Harbinson Ave,La Mesa,CA,91942,695000,2,1.0,91942 - La Mesa,842,7300,1949,48,825,,Active,,,https://www.redfin.com/CA/La-Mesa/4712-Harbinson-Ave-91942/home/5483583,CRMLS,NDP2207960,N,Y,32.7644234,-117.0423308
MLS Listing,,Condo/Co-op,16750 Coyote Bush Dr #63,San Diego,CA,92127,1248000,2,2.5,92127 - Rancho Bernardo,1787,,2020,48,698,452,Active,,,https://www.redfin.com/CA/San-Diego/16750-Coyote-Bush-Dr-92127/unit-63/home/167684509,CRMLS,OC22157161,N,Y,33.0193536,-117.1295693
MLS Listing,,Single Family Residential,1310 Dellcrest Ln,La Jolla,CA,92037,1995000,3,2.0,La Jolla,1265,4729,1951,48,1577,,Active,,,https://www.redfin.com/CA/La-Jolla/1310-Dellcrest-Ln-92037/home/4919859,SDMLS,220019643,N,Y,32.8403144,-117.2675427
MLS Listing,,Townhouse,15373 Maturin Dr #189,San Diego,CA,92127,570000,2,2.5,Rancho Bernardo,1116,87233,1995,48,511,349,Active,,,https://www.redfin.com/CA/San-Diego/15373-Maturin-Dr-92127/unit-189/home/21901160,SDMLS,220019583,N,Y,33.003107,-117.0893833
MLS Listing,,Single Family Residential,7617 Pepita Way,La Jolla,CA,92037,4380000,3,5.5,La Jolla,4030,,2003,49,1087,,Active,,,https://www.redfin.com/CA/La-Jolla/7617-Pepita-Way-92037/home/4911352,SDMLS,220019446,N,Y,32.8432658,-117.267382
MLS Listing,,Condo/Co-op,4900 Rosehedge Dr #216,La Mesa,CA,91942,369000,1,1.0,91942 - La Mesa,760,59335,1975,44,486,253,Active,,,https://www.redfin.com/CA/La-Mesa/4900-Rosehedge-Dr-91942/unit-216/home/5621592,CRMLS,PTP2205039,N,Y,32.7697966,-117.0123857
MLS Listing,,Condo/Co-op,8537 Via Mallorca,La Jolla,CA,92037,950000,2,2.0,92037 - La Jolla,1137,,1975,49,836,529,Active,,,https://www.redfin.com/CA/La-Jolla/8537-Via-Mallorca-92037/home/4865541,CRMLS,TR22165165,N,Y,32.8615538,-117.232812
MLS Listing,,Single Family Residential,1439 Calle Altura,La Jolla,CA,92037,7999000,5,5.5,92037 - La Jolla,5358,14800,1967,49,1493,,Active,,,https://www.redfin.com/CA/La-Jolla/1439-Calle-Altura-92037/home/4941008,CRMLS,NDP2207891,N,Y,32.8148666,-117.2557162
MLS Listing,,Single Family Residential,6340 Camino De La Costa,La Jolla,CA,92037,45000000,7,7.0,La Jolla,6834,59242,1962,50,6585,,Active,,,https://www.redfin.com/CA/La-Jolla/6340-Camino-De-La-Costa-92037/home/6316579,TheMLS,22-180529,N,Y,32.8237549,-117.2795752
MLS Listing,,Single Family Residential,6967 Paseo Laredo,La Jolla,CA,92037,3695000,4,3.5,La Jolla,3116,20700,1974,51,1186,,Active,,,https://www.redfin.com/CA/La-Jolla/6967-Paseo-Laredo-92037/home/4922711,SDMLS,220019345,N,Y,32.834645,-117.2561066
MLS Listing,,Single Family Residential,1895 Spindrift Dr,La Jolla,CA,92037,6950000,5,4.5,La Jolla,4828,8676,1988,51,1440,,Active,,,https://www.redfin.com/CA/La-Jolla/1895-Spindrift-Dr-92037/home/4877911,SDMLS,220019294,N,Y,32.851086,-117.261299
MLS Listing,,Condo/Co-op,8512 Via Mallorca Unit G,La Jolla,CA,92037,550000,1,1.0,La Jolla,504,108900,1972,53,1091,300,Active,,,https://www.redfin.com/CA/La-Jolla/8512-Via-Mallorca-92037/unit-G/home/4885462,SDMLS,220019195,N,Y,32.8616931,-117.2335858
MLS Listing,,Single Family Residential,5094 Guava Ave,La Mesa,CA,91942,699900,2,1.0,San Diego,796,,1926,43,879,,Active,,,https://www.redfin.com/CA/La-Mesa/5094-Guava-Ave-91942/home/5487514,SDMLS,220019091,N,Y,32.7708308,-117.0296867
MLS Listing,,Single Family Residential,8308 Top O The Morning Way,Rancho Santa Fe,CA,92127,3750000,5,5.5,92067 - Rancho Santa Fe,5020,26136,2005,38,747,600,Active,,,https://www.redfin.com/CA/San-Diego/8308-Top-O-the-Morning-Way-92127/home/6481647,CRMLS,NDP2207754,N,Y,33.0277925,-117.1551056
MLS Listing,,Single Family Residential,8640 Herrington Way,San Diego,CA,92127,3095000,5,4.5,92127 - Rancho Bernardo,4524,10278,2009,54,684,520,Active,,,https://www.redfin.com/CA/San-Diego/8640-Herrington-Way-92127/home/21901902,CRMLS,NDP2207727,N,Y,33.0293724,-117.1402854
MLS Listing,,Single Family Residential,7365 Remley Pl,La Jolla,CA,92037,6450000,6,6.5,La Jolla,5679,20966,1932,55,1136,,Active,,,https://www.redfin.com/CA/La-Jolla/7365-Remley-Pl-92037/home/4921072,SDMLS,220018995,N,Y,32.8421628,-117.2613195
MLS Listing,,Condo/Co-op,11152 Poblado Rd,San Diego,CA,92127,695000,2,1.5,92127 - Rancho Bernardo,1116,,1971,56,623,518,Active,,,https://www.redfin.com/CA/San-Diego/11152-Poblado-Rd-92127/home/4227084,CRMLS,PTP2204870,N,Y,33.0297073,-117.0880026
MLS Listing,,Townhouse,10558 Sanshey Ln Unit 138,San Diego,CA,92127,799999,2,2.5,Rancho Bernardo,1335,,2006,56,599,220,Active,,,https://www.redfin.com/CA/San-Diego/10558-Sanshey-Ln-92127/unit-138/home/6654767,SDMLS,220018746,N,Y,33.0220712,-117.1118734
MLS Listing,,Townhouse,17161 ALVA Rd #1211,San Diego,CA,92127,472000,1,1.0,Rancho Bernardo,745,,1992,56,634,389,Active,,,https://www.redfin.com/CA/San-Diego/17161-Alva-Rd-92127/unit-1211/home/6261663,SDMLS,220018742,N,Y,33.0243542,-117.1050914
MLS Listing,,Condo/Co-op,7612 Palmilla Dr #46,San Diego,CA,92122,829800,2,2.0,University City,1004,,1987,56,826,441,Active,,,https://www.redfin.com/CA/San-Diego/7612-Palmilla-Dr-92122/unit-46/home/4890495,SDMLS,220018722,N,Y,32.8624656,-117.2256337
MLS Listing,,Condo/Co-op,6455 La Jolla Blvd #312,La Jolla,CA,92037,639000,1,1.0,La Jolla,713,,1970,20,896,329,Active,,,https://www.redfin.com/CA/La-Jolla/6455-La-Jolla-Blvd-92037/unit-312/home/4918459,SDMLS,220018677,N,Y,32.8259837,-117.2762457
MLS Listing,,Single Family Residential,7870 Avenida Kirjah,La Jolla,CA,92037,3490000,5,3.0,La Jolla,2674,20800,1977,33,1305,,Active,,,https://www.redfin.com/CA/La-Jolla/7870-Avenida-Kirjah-92037/home/4886655,SDMLS,220018642,N,Y,32.8490945,-117.2384689
MLS Listing,,Single Family Residential,8855 Robin Hood Ln,San Diego,CA,92037,2595000,4,2.5,La Jolla,2430,,1959,49,1068,,Active,September-18-2022 01:00 PM,September-18-2022 03:00 PM,https://www.redfin.com/CA/La-Jolla/8855-Robinhood-Ln-92037/home/4864715,SDMLS,220018636,N,Y,32.8675853,-117.241202
MLS Listing,,Condo/Co-op,3128 Via Alicante Unit I,La Jolla,CA,92037,550000,1,1.0,La Jolla,504,,1972,57,1091,300,Active,,,https://www.redfin.com/CA/La-Jolla/3128-Via-Alicante-92037/unit-I/home/4885515,SDMLS,220018444,N,Y,32.8621455,-117.2348631
MLS Listing,,Townhouse,17344 Caminito Canasto,San Diego,CA,92127,829000,4,2.5,92127 - Rancho Bernardo,1578,245272,1973,61,525,350,Active,,,https://www.redfin.com/CA/San-Diego/17344-Caminito-Canasto-92127/home/6276574,CRMLS,NDP2207498,N,Y,33.0286277,-117.0801207
MLS Listing,,Single Family Residential,5800 Severin Dr,La Mesa,CA,91942,968000,4,2.5,91942 - La Mesa,1724,8100,1959,61,561,,Active,,,https://www.redfin.com/CA/La-Mesa/5800-Severin-Dr-91942/home/5588361,CRMLS,PTP2204748,N,Y,32.7838166,-116.9981879
MLS Listing,,Single Family Residential,7828 Vista Lazanja,San Diego,CA,92127,2895000,6,4.5,Santaluz,4247,,2004,62,682,550,Active,,,https://www.redfin.com/CA/San-Diego/7828-Vista-Lazanja-92127/home/6541224,SDMLS,220018258,N,Y,32.9797397,-117.1607117
MLS Listing,,Single Family Residential,7671 Iluminado,San Diego,CA,92127,4995000,6,6.5,Santaluz,6255,81022,2010,62,799,550,Active,,,https://www.redfin.com/CA/San-Diego/7671-Iluminado-92127/home/22654994,SDMLS,220018180,N,Y,32.9982669,-117.162274
MLS Listing,,Townhouse,8272 Gilman Dr #24,La Jolla,CA,92037,805000,2,2.5,La Jolla,978,,1979,62,823,445,Active,,,https://www.redfin.com/CA/La-Jolla/8272-Gilman-Dr-92037/unit-24/home/4881448,SDMLS,220018157,N,Y,32.8550819,-117.2375273
MLS Listing,,Single Family Residential,6329 Primrose Dr,La Mesa,CA,91942,849000,4,3.0,91942 - La Mesa,2126,7950,1985,44,399,,Active,,,https://www.redfin.com/CA/La-Mesa/6329-Primrose-Dr-91942/home/5585461,CRMLS,PTP2204711,N,Y,32.7930784,-116.9876566
MLS Listing,,Vacant Land,2548 Caminito La Paz,San Diego,CA,92037,1845000,0,,San Diego,,,,63,,250,Active,,,https://www.redfin.com/CA/La-Jolla/2548-Caminito-La-Paz-92037/home/4879444,SDMLS,220018077,N,Y,32.846186,-117.2460019
MLS Listing,,Single Family Residential,7858 Entrada Angelica,San Diego,CA,92127,4595000,5,5.0,92127 - Rancho Bernardo,5922,32234,2006,63,776,550,Active,,,https://www.redfin.com/CA/San-Diego/7858-Entrada-Angelica-92127/home/7463866,CRMLS,NDP2207378,N,Y,32.9857315,-117.1490398
MLS Listing,,Townhouse,7717 Ivanhoe,La Jolla,CA,92037,2750000,3,2.5,La Jolla,2530,,1991,63,1087,900,Active,,,https://www.redfin.com/CA/La-Jolla/7717-Ivanhoe-Ave-92037/home/4907758,SDMLS,220018006,N,Y,32.8444508,-117.2708576
MLS Listing,,Condo/Co-op,17161 Alva Rd #1328,San Diego,CA,92127,499000,2,2.0,Rancho Bernardo,899,32085,1992,35,555,388,Active,,,https://www.redfin.com/CA/San-Diego/17161-Alva-Rd-92127/unit-1328/home/6261516,SDMLS,220017996,N,Y,33.0243542,-117.1050914
MLS Listing,,Single Family Residential,11011 Ipai Ct,San Diego,CA,92127,1699000,5,3.0,Rancho Bernardo,2904,11396,1997,64,585,100,Active,,,https://www.redfin.com/CA/San-Diego/11011-Ipai-Ct-92127/home/6264727,SDMLS,220017934,N,Y,33.0321941,-117.093957
MLS Listing,,Condo/Co-op,3116 Via Alicante Unit F,La Jolla,CA,92037,599000,1,1.0,La Jolla,691,,1972,64,867,300,Active,,,https://www.redfin.com/CA/La-Jolla/3116-Via-Alicante-92037/unit-F/home/4885539,SDMLS,220017927,N,Y,32.8627333,-117.2347024
MLS Listing,,Condo/Co-op,5433 La Jolla Blvd,La Jolla,CA,92037,1298000,2,2.0,La Jolla,1094,,1992,64,1186,496,Active,September-17-2022 01:00 PM,September-17-2022 04:00 PM,https://www.redfin.com/CA/La-Jolla/5433-La-Jolla-Blvd-92037/home/4937720,SDMLS,220017878,N,Y,32.8119507,-117.2671804
MLS Listing,,Single Family Residential,8515 Prestwick Dr,La Jolla,CA,92037,2980000,4,2.0,La Jolla,2900,13192,1968,65,1028,,Active,,,https://www.redfin.com/CA/La-Jolla/8515-Prestwick-Dr-92037/home/4879910,SDMLS,220017843,N,Y,32.8615867,-117.246622
MLS Listing,,Condo/Co-op,2362 Torrey Pines Rd #33,La Jolla,CA,92037,1249000,2,2.0,La Jolla,1399,,1960,61,893,944,Active,,,https://www.redfin.com/CA/La-Jolla/2362-Torrey-Pines-Rd-92037/unit-33/home/4878225,SDMLS,220017795,N,Y,32.85099,-117.252212
MLS Listing,,Single Family Residential,1427 Cottontail Ln,La Jolla,CA,92037,2985000,4,3.0,La Jolla,4500,11300,1961,67,663,,Active,,,https://www.redfin.com/CA/La-Jolla/1427-Cottontail-Ln-92037/home/4935002,SDMLS,220017753,N,Y,32.821332,-117.2601254
MLS Listing,,Single Family Residential,17191 Libertad Dr,San Diego,CA,92127,949999,3,2.0,Rancho Bernardo,1401,,1970,67,678,44,Active,,,https://www.redfin.com/CA/San-Diego/17191-Libertad-Dr-92127/home/4225345,SDMLS,220017741,N,Y,33.0280662,-117.0910611
MLS Listing,,Single Family Residential,8439 La Jolla Shores Dr,La Jolla,CA,92037,3495000,4,3.0,La Jolla,1654,9664,1950,68,2113,,Active,,,https://www.redfin.com/CA/La-Jolla/8439-La-Jolla-Shores-Dr-92037/home/4875946,SDMLS,220017684,N,Y,32.8602252,-117.2530293
MLS Listing,,Single Family Residential,8365 Dallas St,La Mesa,CA,91942,945000,4,2.0,La Mesa,1743,10700,1953,68,542,,Active,,,https://www.redfin.com/CA/La-Mesa/8365-Dallas-St-91942/home/5578047,SDMLS,220017642,N,Y,32.7906842,-117.0187431
MLS Listing,,Single Family Residential,308 Vista De La Playa,La Jolla,CA,92037,28000000,7,8.0,La Jolla,10300,31798,2000,68,2718,,Active,,,https://www.redfin.com/CA/La-Jolla/308-Vista-De-La-Playa-92037/home/4913434,SDMLS,220017638,N,Y,32.8347233,-117.281061
MLS Listing,,Condo/Co-op,5706 Baltimore Dr #365,La Mesa,CA,91942,419000,1,1.0,La Mesa,621,,1976,58,675,440,Active,,,https://www.redfin.com/CA/La-Mesa/5706-Baltimore-Dr-91942/unit-365/home/5447592,SDMLS,220017542,N,Y,32.7845994,-117.0365491
MLS Listing,,Single Family Residential,14638 Via Monteverde,San Diego,CA,92127,2249000,6,4.5,Santaluz,3598,6340,2003,68,625,225,Active,September-18-2022 12:00 PM,September-18-2022 03:00 PM,https://www.redfin.com/CA/San-Diego/14638-Via-Monteverde-92127/home/6541990,SDMLS,220017562,N,Y,32.989697,-117.1606198
MLS Listing,,Single Family Residential,4689 Parks Ave,La Mesa,CA,91942,899000,3,2.5,La Mesa,1910,4201,2002,68,471,175,Active,,,https://www.redfin.com/CA/La-Mesa/4689-Parks-Ave-91942/home/6488499,SDMLS,220017514,N,Y,32.7645318,-117.0327213
MLS Listing,,Condo/Co-op,15277 Maturin Dr #46,San Diego,CA,92127,470000,1,1.0,92127 - Rancho Bernardo,540,72045,1995,69,870,323,Active,,,https://www.redfin.com/CA/San-Diego/15277-Maturin-Dr-92127/unit-46/home/7538022,CRMLS,IV22148655,N,Y,33.0041696,-117.0907623
MLS Listing,,Single Family Residential,8384 La Jolla Shores Dr,La Jolla,CA,92037,3295000,4,4.0,La Jolla,2750,5795,1990,40,1198,,Active,,,https://www.redfin.com/CA/La-Jolla/8384-La-Jolla-Shores-Dr-92037/home/4876054,SDMLS,220017399,N,Y,32.8589202,-117.253902
MLS Listing,,Single Family Residential,8122 Twilight Point Way,San Diego,CA,92127,4348000,5,5.5,92127 - Rancho Bernardo,5288,43560,2014,64,822,520,Active,,,https://www.redfin.com/CA/San-Diego/8122-Twilight-Point-Way-92127/home/22900807,CRMLS,NDP2207082,N,Y,33.0256999,-117.1512685
MLS Listing,,Single Family Residential,735 Nautilus St,La Jolla,CA,92037,2600000,3,1.0,La Jolla,1380,,1935,71,1884,,Active,,,https://www.redfin.com/CA/La-Jolla/735-Nautilus-St-92037/home/4916231,SDMLS,220017120,N,Y,32.8323837,-117.2733753
MLS Listing,,Single Family Residential,8103 Pale Moon Rd,Rancho Santa Fe,CA,92127,3695000,5,5.5,92067 - Rancho Santa Fe,5900,19515,2003,71,626,481,Active,,,https://www.redfin.com/CA/San-Diego/8103-Pale-Moon-Rd-92127/home/6481621,CRMLS,NDP2207020,N,Y,33.0318007,-117.1567598
MLS Listing,,Condo/Co-op,4175 Executive Dr Unit G204,La Jolla,CA,92037,599000,1,1.0,92037 - La Jolla,764,,2000,65,784,497,Active,,,https://www.redfin.com/CA/La-Jolla/4175-Executive-Dr-92037/unit-G204/home/6650542,CRMLS,NDP2207009,N,Y,32.8747251,-117.2162359
MLS Listing,,Condo/Co-op,16061 Veridian Cir,San Diego,CA,92127,830000,2,2.5,Rancho Bernardo,1306,,2017,75,636,278,Active,September-17-2022 10:00 AM,September-17-2022 12:00 PM,https://www.redfin.com/CA/San-Diego/16061-Veridian-Cir-92127/home/145320864,SDMLS,220016987,N,Y,33.009789,-117.12426
MLS Listing,,Single Family Residential,5663 Abalone Pl,La Jolla,CA,92037,6200000,3,3.5,La Jolla,2980,4504,2000,75,2081,,Active,,,https://www.redfin.com/CA/La-Jolla/5663-Abalone-Pl-92037/home/4935821,SDMLS,220016922,N,Y,32.8149763,-117.2721813
MLS Listing,,Single Family Residential,1148 Avenida Amantea,La Jolla,CA,92037,2199999,3,3.0,92037 - La Jolla,1787,8900,1959,73,1231,,Active,,,https://www.redfin.com/CA/La-Jolla/1148-Avenida-Amantea-92037/home/4935780,CRMLS,SW22143182,N,Y,32.819121,-117.2612966
MLS Listing,,Condo/Co-op,6455 La Jolla Blvd #335,La Jolla,CA,92037,649000,1,1.0,92037 - La Jolla,713,135907,1970,26,910,329,Active,,,https://www.redfin.com/CA/La-Jolla/6455-La-Jolla-Blvd-92037/unit-335/home/4919361,CRMLS,NDP2206916,N,Y,32.8259837,-117.2762457
MLS Listing,,Condo/Co-op,15584 Paseo Del Sur,San Diego,CA,92127,1449000,4,3.0,Rancho Bernardo,2623,11975,2006,75,552,373,Active,,,https://www.redfin.com/CA/San-Diego/15584-Paseo-Del-Sur-92127/home/12160754,SDMLS,220016849,N,Y,33.01732,-117.143911
MLS Listing,,Single Family Residential,17865 Aguamiel Rd,San Diego,CA,92127,1850000,4,3.5,Rancho Bernardo,3378,8793,2009,76,548,,Active,,,https://www.redfin.com/CA/San-Diego/17865-Aguamiel-Rd-92127/home/6263194,SDMLS,220016686,N,Y,33.0401741,-117.0815917
MLS Listing,,Townhouse,8528 Old Stonefield Chase,San Diego,CA,92127,1150000,3,2.5,Rancho Bernardo,2256,,2012,75,510,320,Active,,,https://www.redfin.com/CA/San-Diego/8528-Old-Stonefield-Chase-92127/home/40520904,SDMLS,220016668,N,Y,33.0169477,-117.1369781
MLS Listing,,Single Family Residential,7301 Encelia Dr,La Jolla,CA,92037,18995000,4,4.5,92037 - La Jolla,5004,175546,1950,68,3796,,Active,,,https://www.redfin.com/CA/La-Jolla/7301-Encelia-Dr-92037/home/144493642,CRMLS,NDP2206761,N,Y,32.8415321,-117.2581045
MLS Listing,,Single Family Residential,11691 Agreste Pl,San Diego,CA,92127,1200000,3,2.5,Rancho Bernardo,2336,16051,2009,82,514,43,Active,,,https://www.redfin.com/CA/San-Diego/11691-Agreste-Pl-92127/home/6262590,SDMLS,220016130,N,Y,33.0363156,-117.0774728
MLS Listing,,Single Family Residential,7881 Calle Dos Lagos,Rancho Santa Fe,CA,92067,4199900,5,6.0,Rancho Santa Fe,5549,108900,1972,70,757,21,Active,,,https://www.redfin.com/CA/Rancho-Santa-Fe/7881-Calle-Dos-Lagos-92067/home/4187065,SDMLS,220016115,N,Y,33.0285924,-117.1655824
MLS Listing,,Single Family Residential,5825 GREGG Ct,La Mesa,CA,91942,849900,4,3.0,91942 - La Mesa,1624,6000,1958,83,523,,Active,,,https://www.redfin.com/CA/La-Mesa/5825-Gregg-Ct-91942/home/5588116,CRMLS,PTP2204183,N,Y,32.7848727,-116.9925774
MLS Listing,,Single Family Residential,1011 Avenida Amantea,La  Jolla,CA,92037,8000000,5,5.5,La Jolla,5790,,2000,84,1382,,Active,,,https://www.redfin.com/CA/La-Jolla/1011-Avenida-Amantea-92037/home/4935760,SDMLS,220015919,N,Y,32.8179088,-117.2632485
MLS Listing,,Single Family Residential,9535 Poole St,La Jolla,CA,92037,2996000,4,3.5,La Jolla,2718,5400,2011,84,1102,,Active,,,https://www.redfin.com/CA/La-Jolla/9535-Poole-St-92037/home/4864588,SDMLS,220015907,N,Y,32.8731934,-117.2443024
MLS Listing,,Single Family Residential,6204 Beaumont,La Jolla,CA,92037,5495000,4,3.5,92037 - La Jolla,3327,8106,2020,84,1652,,Active,,,https://www.redfin.com/CA/La-Jolla/6204-Beaumont-Ave-92037/home/4933396,CRMLS,NDP2206533,N,Y,32.8236121,-117.2741101
MLS Listing,,Townhouse,2283 Caminito Preciosa Sur,La Jolla,CA,92037,1599000,3,3.0,La Jolla,2012,,1972,84,795,1042,Active,,,https://www.redfin.com/CA/La-Jolla/2283-Camino-Preciosa-Sur-92037/home/6288250,SDMLS,220015797,N,Y,32.8180954,-117.2337481
MLS Listing,,Single Family Residential,8083 La Jolla Scenic Dr N,La Jolla,CA,92037,6495000,6,6.5,La Jolla,6766,48351,2001,79,960,,Active,,,https://www.redfin.com/CA/La-Jolla/8083-La-Jolla-Scenic-Dr-N-92037/home/4880899,SDMLS,220015767,N,Y,32.8527978,-117.2392728
MLS Listing,,Condo/Co-op,1001 Genter St  # Unit 10 A,La Jolla,CA,92037,1500000,1,1.0,92037 - La Jolla,1091,,1966,85,1375,1183,Active,,,https://www.redfin.com/CA/La-Jolla/1001-Genter-St-92037/unit-10A/home/4914811,CRMLS,NDP2206477,N,Y,32.8366784,-117.2711939
MLS Listing,,Single Family Residential,7844 Sendero Angelica,San Diego,CA,92127,4595000,5,5.5,Santaluz,6136,,2006,65,749,550,Active,,,https://www.redfin.com/CA/San-Diego/7844-Sendero-Angelica-92127/home/7459775,SDMLS,220015661,N,Y,32.9875933,-117.1475233
MLS Listing,,Single Family Residential,2038 Soledad Ave,La Jolla,CA,92037,5495000,4,4.5,La Jolla,4470,9093,2000,86,1229,,Active,,,https://www.redfin.com/CA/La-Jolla/2038-Soledad-Ave-92037/home/4920572,SDMLS,220015648,N,Y,32.8477783,-117.2576223
MLS Listing,,Condo/Co-op,1020 Prospect St #205,La Jolla,CA,92037,3950000,2,3.0,La Jolla,1792,,2017,86,2204,2822,Active,,,https://www.redfin.com/CA/La-Jolla/1020-Prospect-St-92037/unit-205/home/108998642,SDMLS,220015588,N,Y,32.8478458,-117.2746793
MLS Listing,,Condo/Co-op,3550 Lebon Dr #6210,San Diego,CA,92122,788000,2,2.0,92122 - University City,956,275720,2006,88,824,337,Active,,,https://www.redfin.com/CA/San-Diego/3550-Lebon-Dr-92122/unit-6210/home/108371489,CRMLS,TR22132739,N,Y,32.8691664,-117.2258375
MLS Listing,,Single Family Residential,17321 4S Ranch Pkwy,San Diego,CA,92127,2250000,5,5.5,San Diego,3691,,2008,87,610,90,Active,,,https://www.redfin.com/CA/San-Diego/17321-4S-Ranch-Pkwy-92127/home/17204393,SDMLS,220015473,N,Y,33.030227,-117.11055
MLS Listing,,Single Family Residential,7556 Montien Rd,San Diego,CA,92127,4845000,4,5.5,92127 - Rancho Bernardo,6669,59677,2010,89,726,550,Active,September-18-2022 01:00 PM,September-18-2022 04:00 PM,https://www.redfin.com/CA/San-Diego/7556-Montien-Rd-92127/home/22643423,CRMLS,NDP2206319,N,Y,33.0032227,-117.1678799
MLS Listing,,Single Family Residential,10453 Rosedust Gln,San Diego,CA,92127,2249000,6,5.5,Rancho Bernardo,3720,6136,2007,90,605,90,Active,,,https://www.redfin.com/CA/San-Diego/10453-Rosedust-Glen-Dr-92127/home/17204852,SDMLS,220015299,N,Y,33.0316789,-117.1116531
MLS Listing,,Single Family Residential,5650 Dolphin Pl,La Jolla,CA,92037,5350000,2,2.0,La Jolla,1200,2982,1980,90,4458,,Active,,,https://www.redfin.com/CA/La-Jolla/5650-Dolphin-Pl-92037/home/4935829,SDMLS,220015126,N,Y,32.8141395,-117.2722731
MLS Listing,,Condo/Co-op,11267 avenida de los lobos Unit E,San Diego,CA,92127,560000,2,2.0,92127 - Rancho Bernardo,894,,1990,72,626,337,Active,,,https://www.redfin.com/CA/San-Diego/11267-Avenida-De-Los-Lobos-92127/unit-E/home/6399535,CRMLS,PTP2203965,N,Y,33.0028233,-117.0909462
MLS Listing,,Single Family Residential,9419 Pagoda Tree Ln,San Diego,CA,92127,2988888,6,4.5,San Diego,5128,,2002,91,583,169,Active,,,https://www.redfin.com/CA/San-Diego/9419-Pagoda-Tree-Ln-92127/home/6296925,SDMLS,220015054,N,Y,33.0266171,-117.1260617
MLS Listing,,Single Family Residential,7585 Hillside Dr,La Jolla,CA,92037,6290000,6,6.5,La Jolla,4673,32234,2021,92,1346,,Active,September-17-2022 01:00 PM,September-17-2022 04:00 PM,https://www.redfin.com/CA/La-Jolla/7585-Hillside-Dr-92037/home/4920808,SDMLS,220014885,N,Y,32.8453218,-117.2565429
MLS Listing,,Vacant Land,6947 Country Club Dr,La Jolla,CA,92037,4500000,0,,La Jolla,,17946,,93,,,Active,,,https://www.redfin.com/CA/La-Jolla/6947-Country-Club-Dr-92037/home/4921207,SDMLS,220014826,N,Y,32.8365252,-117.2604239
MLS Listing,,Single Family Residential,8885 Robin Hood Ln,La Jolla,CA,92037,2595000,4,2.0,La Jolla,2262,,1958,75,1147,,Active,,,https://www.redfin.com/CA/La-Jolla/8885-Robinhood-Ln-92037/home/4864712,SDMLS,220014688,N,Y,32.8682475,-117.2415924
MLS Listing,,Single Family Residential,16831 Crescent Creek Dr,San Diego,CA,92127,3800000,5,5.5,92127 - Rancho Bernardo,4625,50965,2013,96,822,520,Active,,,https://www.redfin.com/CA/San-Diego/16831-Crescent-Creek-Dr-92127/home/22900824,CRMLS,NDP2206013,N,Y,33.026606,-117.1496601
MLS Listing,,Condo/Co-op,7780 Parkway #1302,La Mesa,CA,91942,595000,3,2.0,91942 - La Mesa,1321,,1982,96,450,405,Active,,,https://www.redfin.com/CA/La-Mesa/7780-Parkway-Dr-91942/unit-1302/home/5454153,CRMLS,PTP2203839,N,Y,32.7749267,-117.0294568
MLS Listing,,Condo/Co-op,464 Prospect #501,La Jolla,CA,92037,5000000,3,3.5,La Jolla,4986,,2003,97,1003,3353,Active,,,https://www.redfin.com/CA/La-Jolla/464-Prospect-St-92037/unit-501/home/6544848,SDMLS,220014243,N,Y,32.8426355,-117.279139
MLS Listing,,Single Family Residential,6602 Avenida Mirola,La Jolla,CA,92037,4250000,7,6.5,La Jolla,3581,,1956,99,1187,,Active,,,https://www.redfin.com/CA/La-Jolla/6602-Avenida-Mirola-92037/home/4917892,SDMLS,220014218,N,Y,32.8298149,-117.2695635
MLS Listing,,Condo/Co-op,17123 W Bernardo Dr #202,San Diego,CA,92127,595000,3,2.0,San Diego,1040,872630,1994,99,572,440,Active,,,https://www.redfin.com/CA/San-Diego/17123-W-Bernardo-Dr-92127/unit-202/home/6615877,SDMLS,220014181,N,Y,33.0260811,-117.0806494
MLS Listing,,Single Family Residential,744 Muirlands Vista Way,La Jolla,CA,92037,14900000,7,9.5,La Jolla,9726,21904,2010,100,1532,,Active,,,https://www.redfin.com/CA/La-Jolla/744-Muirlands-Vista-Way-92037/home/4919802,SDMLS,220014069,N,Y,32.8260565,-117.269862
MLS Listing,,Single Family Residential,7682 Hillside Dr,La Jolla,CA,92037,5399500,4,4.5,La Jolla,5080,7200,2005,104,1063,,Active,,,https://www.redfin.com/CA/La-Jolla/7682-Hillside-Dr-92037/home/4920799,SDMLS,220013813,N,Y,32.8458038,-117.2586557
MLS Listing,,Condo/Co-op,939 Coast Blvd Unit 5G,La Jolla,CA,92037,1998000,2,2.0,La Jolla,1932,,1966,104,1034,1657,Active,,,https://www.redfin.com/CA/La-Jolla/939-Coast-Blvd-92037/unit-5G/home/4905555,SDMLS,220013750,N,Y,32.8480183,-117.2762916
MLS Listing,,Townhouse,16953 New Rochelle Way #62,San Diego,CA,92127,889700,3,2.5,Rancho Bernardo,1484,,2006,59,600,220,Active,,,https://www.redfin.com/CA/San-Diego/16953-New-Rochelle-Way-92127/unit-62/home/12154209,SDMLS,220013566,N,Y,33.0215884,-117.1082289
MLS Listing,,Condo/Co-op,356 Playa Del Norte #8,La Jolla,CA,92037,1199000,2,2.0,92037 - La Jolla,973,10454,1967,104,1232,430,Active,,,https://www.redfin.com/CA/La-Jolla/356-Playa-Del-Norte-St-92037/unit-8/home/6406724,CRMLS,NDP2205560,N,Y,32.8299619,-117.2782204
MLS Listing,,Single Family Residential,7695 Allegro Ln,San Diego,CA,92127,1947000,4,4.0,92127 - Rancho Bernardo,3038,,2003,105,641,226,Active,,,https://www.redfin.com/CA/San-Diego/7695-Allegro-Ln-92127/home/6542492,CRMLS,NDP2205472,N,Y,32.9930069,-117.1597007
MLS Listing,,Single Family Residential,8068 Doug Hl,San Diego,CA,92127,5750000,5,5.5,Santaluz,7722,35719,2008,107,745,550,Active,,,https://www.redfin.com/CA/San-Diego/8068-Doug-Hill-Ct-92127/home/17141122,SDMLS,220013133,N,Y,32.9827343,-117.1453175
MLS Listing,,Single Family Residential,7170 Encelia Dr,La Jolla,CA,92037,4966000,3,2.0,92037 - La Jolla,3064,13771,1960,111,1621,,Active,,,https://www.redfin.com/CA/La-Jolla/7170-Encelia-Dr-92037/home/4921182,CRMLS,PTP2203453,N,Y,32.8393919,-117.2577601
MLS Listing,,Condo/Co-op,7940 University Ave #39,La Mesa,CA,91942,471000,2,1.5,La Mesa,1095,81187,1980,102,430,400,Active,,,https://www.redfin.com/CA/La-Mesa/7940-University-Ave-91942/unit-39/home/5489105,SDMLS,220012550,N,Y,32.7644496,-117.0274911
MLS Listing,,Vacant Land,8158 Artesian Rd,San Diego,CA,92127,2300000,0,,San Diego,,217800,,119,,,Active,,,https://www.redfin.com/CA/San-Diego/8158-Artesian-Rd-92127/home/22643286,SDMLS,220012227,N,Y,33.0199851,-117.1559697
MLS Listing,,Single Family Residential,10564 Blue Granite Dr,San Diego,CA,92127,2248000,5,3.0,Rancho Bernardo,3303,6867,2010,116,681,90,Active,,,https://www.redfin.com/CA/San-Diego/10564-Blue-Granite-Dr-92127/home/22642941,SDMLS,220011524,N,Y,33.0339173,-117.1100904
MLS Listing,,Vacant Land,6850 Country Club Dr,La Jolla,CA,92037,24000000,,,92037 - La Jolla,,975744,,128,,,Active,,,https://www.redfin.com/CA/La-Jolla/6850-Country-Club-Dr-92037/home/145704211,CRMLS,NDP2204567,N,Y,32.836932,-117.258009
MLS Listing,,Vacant Land,6809 Country Club Dr,La Jolla,CA,92037,8000000,,,92037 - La Jolla,,77101,,128,,,Active,,,https://www.redfin.com/CA/La-Jolla/6809-Country-Club-Dr-92037/home/179362817,CRMLS,NDP2204565,N,Y,32.8352134,-117.2599415
MLS Listing,,Condo/Co-op,17165 W Bernardo Dr #107,San Diego,CA,92127,515000,2,2.0,92127 - Rancho Bernardo,944,,1994,128,546,440,Active,,,https://www.redfin.com/CA/San-Diego/17165-W-Bernardo-Dr-92127/unit-107/home/6616222,CRMLS,NDP2204528,N,Y,33.0267712,-117.0808333
MLS Listing,,Single Family Residential,8194 Doug Hl,San Diego,CA,92127,9980000,5,5.5,92127 - Rancho Bernardo,7500,54014,2020,134,1331,525,Active,,,https://www.redfin.com/CA/San-Diego/8194-Doug-Hill-Ct-92127/home/22738641,CRMLS,NDP2204297,N,Y,32.9861136,-117.1415377
MLS Listing,,Single Family Residential,5467 Bahia Ln,La Jolla,CA,92037,2999000,5,5.0,La Jolla,3824,13000,1971,138,784,,Active,September-18-2022 01:00 PM,September-18-2022 03:00 PM,https://www.redfin.com/CA/La-Jolla/5467-Bahia-Ln-92037/home/4942461,SDMLS,220010383,N,Y,32.8185209,-117.2379637
MLS Listing,,Single Family Residential,7007 Country Club Dr,La Jolla,CA,92037,28000000,10,11.5,92037 - La Jolla,22897,271814,1980,138,1223,,Active,,,https://www.redfin.com/CA/La-Jolla/7007-Country-Club-Dr-92037/home/4921222,CRMLS,NDP2204175,N,Y,32.8366527,-117.2596202
MLS Listing,,Single Family Residential,7505 Caminito Avola,La Jolla,CA,92037,2550000,3,2.0,92037 - La Jolla,2040,4288,1970,137,1250,390,Active,,,https://www.redfin.com/CA/La-Jolla/7505-Caminito-Avola-92037/home/4923330,CRMLS,PTP2202706,N,Y,32.846016,-117.2531996
MLS Listing,,Vacant Land,7508 Plein Aire,San Diego,CA,92127,2444000,,,92127 - Rancho Bernardo,,73616,,143,,550,Active,,,https://www.redfin.com/CA/San-Diego/7508-PLEIN-Aire-92127/home/12096568,CRMLS,PTP2202629,N,Y,32.996875,-117.168261
MLS Listing,,Single Family Residential,1654 Marisma Way,La Jolla,CA,92037,6495000,6,7.5,La Jolla,4984,,2015,72,1303,,Active,,,https://www.redfin.com/CA/La-Jolla/1654-Marisma-Way-92037/home/4922782,SDMLS,220009683,N,Y,32.8330721,-117.2583801
MLS Listing,,Single Family Residential,5826 Amarillo Ave,La Mesa,CA,91942,724000,3,1.0,La Mesa,1100,6600,1952,145,658,,Active,,,https://www.redfin.com/CA/La-Mesa/5826-Amarillo-Ave-91942/home/5603913,SDMLS,220009545,N,Y,32.7852382,-117.0142368
MLS Listing,,Condo/Co-op,100 Coast Blvd #302,La Jolla,CA,92037,2875000,2,2.0,La Jolla,1324,55067,1976,145,2171,1086,Active,,,https://www.redfin.com/CA/La-Jolla/100-Coast-Blvd-92037/unit-302/home/4911559,SDMLS,220009529,N,Y,32.8391231,-117.2812196
MLS Listing,,Single Family Residential,,La Jolla,CA,92037,16800000,9,10.5,La Jolla,8867,37897,2000,147,1895,,Active,,,https://www.redfin.com/CA/La-Jolla/Starlight-Dr-92037/home/4879763,SDMLS,220009285,N,Y,32.8505538,-117.2434527
MLS Listing,,Vacant Land,7362 Brodiaea Way,La Jolla,CA,92037,6995000,,,92037 - La Jolla,,27878,,172,,,Active,,,https://www.redfin.com/CA/La-Jolla/7362-Brodiaea-Way-92037/home/4921114,CRMLS,NDP2202797,N,Y,32.8421824,-117.2594135
MLS Listing,,Single Family Residential,6131 La Pintura Dr,La Jolla,CA,92037,4475000,7,6.5,92037 - La Jolla,5548,29400,2000,158,807,,Active,,,https://www.redfin.com/CA/La-Jolla/6131-La-Pintura-Dr-92037/home/4939108,CRMLS,NDP2202355,N,Y,32.8262311,-117.2511462
MLS Listing,,Condo/Co-op,1001 Genter St #1i,La Jolla,CA,92037,2450000,2,2.0,92037 - La Jolla,2115,50042,1966,189,1158,1600,Active,,,https://www.redfin.com/CA/La-Jolla/1001-Genter-St-92037/unit-1I/home/4914666,CRMLS,NDP2202149,N,Y,32.8366784,-117.2711939
MLS Listing,,Vacant Land,7145 Fairway Rd,La Jolla,CA,92037,3250000,0,,La Jolla,,22216,,162,,,Active,,,https://www.redfin.com/CA/La-Jolla/7145-Fairway-Rd-92037/home/4921003,SDMLS,220005241,N,Y,32.8375891,-117.2620544
MLS Listing,,Single Family Residential,7893 El Cajon Blvd,La Mesa,CA,91942,1175000,5,2.0,La Mesa,1826,11258,1920,194,643,,Active,,,https://www.redfin.com/CA/La-Mesa/7893-El-Cajon-Blvd-91942/home/5488101,SDMLS,SDC0000328,N,Y,32.7688411,-117.0274518
MLS Listing,,Multi-Family (2-4 Unit),4979-89 Clearview Way,La Mesa,CA,91942,985000,4,3.0,La Mesa,2301,12420,1955,191,428,,Active,,,https://www.redfin.com/CA/La-Mesa/4979-Clearview-Way-91942/home/5488165,SDMLS,SDC0000326,N,Y,32.7688881,-117.0269738
MLS Listing,,Single Family Residential,1761 Colgate Cir,La Jolla,CA,92037,8995000,8,9.0,La Jolla,8228,74923,2008,213,1093,,Active,,,https://www.redfin.com/CA/La-Jolla/1761-Colgate-Cir-92037/home/4939304,SDMLS,220003223,N,Y,32.8237733,-117.2525011
MLS Listing,,Condo/Co-op,5470 La Jolla Blvd Unit H301,La Jolla,CA,92037,3500000,3,2.0,La Jolla,1714,,2005,228,2042,624,Active,,,https://www.redfin.com/CA/La-Jolla/5470-La-Jolla-Blvd-92037/unit-H301/home/6650670,SDMLS,220002041,N,Y,32.8117886,-117.2684842
MLS Listing,,Single Family Residential,2681 Idle Hour Ln,La Jolla,CA,92037,18900000,9,12.5,La Jolla,14252,125017,1996,226,1326,,Active,,,https://www.redfin.com/CA/La-Jolla/2681-Idlehour-Ln-92037/home/4862039,SDMLS,220001566,N,Y,32.8822973,-117.2463923
MLS Listing,,Single Family Residential,5535 La Jolla Mesa Dr,La Jolla,CA,92037,1995000,4,2.5,92037 - La Jolla,2179,7200,1973,63,916,,Active,,,https://www.redfin.com/CA/La-Jolla/5535-La-Jolla-Mesa-Dr-92037/home/4937564,CRMLS,OC21249729,N,Y,32.8151847,-117.2591379
MLS Listing,,Condo/Co-op,939 Coast Blvd Unit LB,La Jolla,CA,92037,650000,0,1.0,La Jolla,432,,1966,334,1505,815,Active,,,https://www.redfin.com/CA/La-Jolla/939-Coast-Blvd-92037/unit-LB/home/4905533,SDMLS,210029111,N,Y,32.8480183,-117.2762916
MLS Listing,,Single Family Residential,6103 Avenida Picacho,Rancho Santa Fe,CA,92067,8399000,6,7.0,92067 - Rancho Santa Fe,9090,420789,1987,351,924,655,Active,,,https://www.redfin.com/CA/Rancho-Santa-Fe/6103-Avenida-Picacho-92067/home/4191931,CRMLS,NDP2111149,N,Y,33.0092383,-117.1779885
MLS Listing,,Single Family Residential,7505 Hillside Dr,La Jolla,CA,92037,16950000,5,6.0,La Jolla,10285,32670,1997,541,1648,,Active,,,https://www.redfin.com/CA/La-Jolla/7505-Hillside-Dr-92037/home/4920814,SDMLS,210007373,N,Y,32.8448496,-117.2568185
MLS Listing,,Condo/Co-op,5460 La Jolla Blvd Unit G301,La Jolla,CA,92037,2500000,2,2.0,La Jolla,1676,,2004,692,1492,624,Active,,,https://www.redfin.com/CA/La-Jolla/5460-La-Jolla-Blvd-92037/unit-G301/home/6650650,SDMLS,200049531,N,Y,32.8117118,-117.2681168
MLS Listing,,Single Family Residential,,La Jolla,CA,92037,3695000,3,2.0,La Jolla,1280,4107,1944,982,2887,,Active,,,https://www.redfin.com/CA/La-Jolla/Chelsea-Ave-92037/home/4935854,SDMLS,200000852,N,Y,32.8145553,-117.2708494
For-Sale-by-Owner Listing,,Condo/Co-op,7425 Charmant Dr #2815,San Diego,CA,92122,776000,2,2.0,La Jolla,934,,1987,38,831,,Active,,,https://www.redfin.com/CA/San-Diego/7425-Charmant-Dr-92122/unit-2815/home/6789809,FSBO.com,532336,N,Y,32.8652732,-117.2279678
New Construction Home,,Single Family Residential,15427 Van Lodensteyn Way,San Diego,CA,92127,1345900,4,3.5,Avion,2289,,2022,21,588,,Active,,,https://www.redfin.com/CA/San-Diego/15427-Van-Lodensteyn-Way-92129/home/181239245,NewHomeSource.com,2278523,N,Y,32.989,-117.1054
New Construction Home,,Single Family Residential,15421 Van Lodensteyn Way,San Diego,CA,92127,1387900,4,4.0,Avion,2547,,2022,21,545,,Active,,,https://www.redfin.com/CA/San-Diego/15421-Van-Lodensteyn-Way-92129/home/181239244,NewHomeSource.com,2278524,N,Y,32.989,-117.1054
New Construction Plan,,Single Family Residential,Residence 1,San Diego,CA,92127,1324900,4,3.5,Avion,2289,,,,579,,Active,,,https://www.redfin.com/CA/San-Diego/Avion/Residence-1/home/180280681,NewHomeSource.com,Plan-201913053,N,Y,32.989,-117.1054
New Construction Plan,,Single Family Residential,Residence 2,San Diego,CA,92127,1364900,4,3.5,Avion,2323,,,,588,,Active,,,https://www.redfin.com/CA/San-Diego/Avion/Residence-2/home/180280680,NewHomeSource.com,Plan-201913054,N,Y,32.989,-117.1054
New Construction Plan,,Single Family Residential,Residence 3,San Diego,CA,92127,1374900,4,4.0,Avion,2513,,,,547,,Active,,,https://www.redfin.com/CA/San-Diego/Avion/Residence-3/home/180280678,NewHomeSource.com,Plan-201913055,N,Y,32.989,-117.1054
New Construction Plan,,Single Family Residential,Residence 4,San Diego,CA,92127,1379900,4,4.0,Avion,2547,,,,542,,Active,,,https://www.redfin.com/CA/San-Diego/Avion/Residence-4/home/180280677,NewHomeSource.com,Plan-201913056,N,Y,32.989,-117.1054
